Name,Algorithm,Solution,Cost,Nodes Explored,Nodes Reached,Search Time
Easy 1,BFS,[A1] -> C3 -> (C2) -> C3 -> [A1],5.454750493356893,28,40,0.0002863407135009
Easy 1,UCS,[A1] -> C3 -> (C2) -> C3 -> [A1],5.454750493356893,43,56,0.0004987716674804
Easy 1,A*,[A1] -> C3 -> (C2) -> C3 -> [A1],5.454750493356893,5,14,8.893013000488281e-05
Easy 2,BFS,[M1] -> D3 -> (D1) -> D3 -> [M1] -> M2 -> (R3) -> M2 -> [M1],7.150659537584131,209,253,0.0018906593322753
Easy 2,UCS,[M1] -> M2 -> (R3) -> M2 -> [M1] -> D3 -> (D1) -> D3 -> [M1],7.150659537584129,183,229,0.0021760463714599
Easy 2,A*,[M1] -> M2 -> (R3) -> M2 -> [M1] -> D3 -> (D1) -> D3 -> [M1],7.150659537584129,16,41,0.0002710819244384
Easy 3,BFS,[D1] -> A1 -> (A2) -> A1 -> C3 -> (C2) -> C3 -> [D1] -> (D3) -> [D1],10.947449690742776,329,420,0.0030648708343505
Easy 3,UCS,[D1] -> (D3) -> D4 -> C4 -> (C2) -> C3 -> A1 -> (A2) -> A1 -> [D1],10.14243441343941,400,490,0.0051379203796386
Easy 3,A*,[D1] -> (D3) -> D4 -> C4 -> (C2) -> C3 -> A1 -> (A2) -> A1 -> [D1],10.14243441343941,40,83,0.0008060932159423
Medium 1,BFS,[Q1] -> M4 -> M1 -> D3 -> (D1) -> D2 -> I3 -> I4 -> R1 -> (R2) -> L4 -> V2 -> (V4) -> V1 -> Q3 -> Q2 -> (F3) -> Q2 -> [Q1],19.276825130018462,1410,1469,0.013772964477539
Medium 1,UCS,[Q1] -> M4 -> M1 -> D3 -> (D1) -> D3 -> M1 -> M2 -> R3 -> (R2) -> L4 -> V2 -> (V4) -> V1 -> Q3 -> Q2 -> (F3) -> Q2 -> [Q1],18.77705747185723,1405,1467,0.0185811519622802
Medium 1,A*,[Q1] -> Q2 -> (F3) -> Q2 -> Q3 -> V1 -> (V4) -> V2 -> L4 -> (R2) -> R3 -> M2 -> M1 -> D3 -> (D1) -> D3 -> M1 -> M4 -> [Q1],18.77705747185723,402,580,0.0094337463378906
Medium 2,BFS,[R2] -> L4 -> V2 -> V1 -> Q3 -> Q2 -> F3 -> (F1) -> F2 -> K2 -> (K3) -> O3 -> O2 -> (N3) -> N1 -> M3 -> D4 -> C4 -> (C2) -> C3 -> A1 -> (A2) -> A3 -> I3 -> I4 -> R1 -> [R2],28.522520563865363,2969,2985,0.0298030376434326
Medium 2,UCS,[R2] -> R1 -> I4 -> I3 -> A3 -> (A2) -> A1 -> C3 -> (C2) -> C4 -> D4 -> M3 -> N1 -> (N3) -> O2 -> O3 -> (K3) -> K2 -> F2 -> (F1) -> F3 -> Q2 -> Q1 -> M4 -> M2 -> R3 -> [R2],27.81382989659157,2938,2959,0.0396029949188232
Medium 2,A*,[R2] -> R1 -> I4 -> I3 -> A3 -> (A2) -> A1 -> C3 -> (C2) -> C4 -> D4 -> M3 -> N1 -> (N3) -> O2 -> O3 -> (K3) -> K2 -> F2 -> (F1) -> F3 -> Q2 -> Q1 -> M4 -> M2 -> R3 -> [R2],27.81382989659157,443,638,0.0119738578796386
Medium 3,BFS,[L3] -> I4 -> (I1) -> I3 -> D2 -> D3 -> M1 -> M4 -> Q1 -> Q4 -> F4 -> U4 -> (U1) -> U2 -> E2 -> (E4) -> W3 -> (X4) -> X1 -> (T4) -> T1 -> S1 -> (S2) -> S1 -> T1 -> T2 -> L2 -> [L3],32.81642794505578,5535,5679,0.0571498870849609
Medium 3,UCS,[L3] -> I4 -> (I1) -> I4 -> [L3] -> L4 -> V2 -> V1 -> Q3 -> W2 -> W4 -> U4 -> (U1) -> U2 -> E2 -> (E4) -> W3 -> (X4) -> X1 -> (T4) -> T1 -> S1 -> (S2) -> S1 -> T1 -> T2 -> L2 -> [L3],32.50481305890088,5758,5854,0.0825550556182861
Medium 3,A*,[L3] -> L4 -> V2 -> V1 -> Q3 -> W2 -> W4 -> U4 -> (U1) -> U2 -> E2 -> (E4) -> W3 -> (X4) -> X1 -> (T4) -> T1 -> S1 -> (S2) -> S1 -> T1 -> T2 -> L2 -> [L3] -> I4 -> (I1) -> I4 -> [L3],32.50481305890088,1707,2208,0.0471870899200439
Hard 1,BFS,[Q2] -> F3 -> F1 -> (J3) -> J2 -> (H2) -> J2 -> J1 -> K2 -> P4 -> P1 -> M3 -> D4 -> D1 -> A1 -> (A2) -> G1 -> (G2) -> G4 -> I1 -> I4 -> L3 -> L2 -> T2 -> T1 -> S1 -> (S3) -> S1 -> T1 -> T4 -> X1 -> X4 -> W3 -> E4 -> (E2) -> E4 -> W3 -> (W2) -> Q3 -> [Q2],48.00533845137366,11669,11778,0.1251249313354492
Hard 1,UCS,[Q2] -> Q1 -> M4 -> M1 -> D3 -> D1 -> A1 -> (A2) -> G1 -> (G2) -> G4 -> I1 -> I4 -> L3 -> L2 -> T2 -> T1 -> S1 -> (S3) -> S1 -> T1 -> T4 -> X1 -> X3 -> W1 -> (W2) -> W4 -> U4 -> U2 -> (E2) -> U2 -> U1 -> B4 -> B3 -> (J3) -> J2 -> (H2) -> J2 -> (J3) -> F1 -> F3 -> [Q2],44.623194315945085,11635,11721,0.170814037322998
Hard 1,A*,[Q2] -> Q1 -> M4 -> M1 -> D3 -> D1 -> A1 -> (A2) -> G1 -> (G2) -> G4 -> I1 -> I4 -> L3 -> L2 -> T2 -> T1 -> S1 -> (S3) -> S1 -> T1 -> T4 -> X1 -> X3 -> W1 -> (W2) -> W4 -> U4 -> U2 -> (E2) -> U2 -> U1 -> B4 -> B3 -> (J3) -> J2 -> (H2) -> J2 -> (J3) -> F1 -> F3 -> [Q2],44.623194315945085,6082,6864,0.1718499660491943
Hard 2,BFS,[P2] -> P1 -> N4 -> (N3) -> N1 -> M3 -> (D4) -> (C4) -> C3 -> A1 -> (A2) -> A3 -> I3 -> I4 -> L3 -> L4 -> V2 -> V4 -> (X2) -> X3 -> W1 -> W4 -> F4 -> (F2) -> F1 -> B3 -> (B2) -> B3 -> J3 -> (J2) -> J1 -> K2 -> P4 -> [P2],35.58337190508915,23176,23361,0.2549200057983398
Hard 2,UCS,[P2] -> P4 -> K2 -> (F2) -> F1 -> J3 -> (J2) -> J3 -> B3 -> (B2) -> B4 -> U1 -> U4 -> W4 -> W1 -> X3 -> (X2) -> V4 -> V2 -> L4 -> L3 -> I4 -> I3 -> A3 -> (A2) -> A1 -> C3 -> (C4) -> (D4) -> M3 -> N1 -> (N3) -> N4 -> P1 -> [P2],34.57345178687303,23081,23318,0.3685030937194824
Hard 2,A*,[P2] -> P4 -> K2 -> (F2) -> F1 -> J3 -> (J2) -> J3 -> B3 -> (B2) -> B4 -> U1 -> U4 -> W4 -> W1 -> X3 -> (X2) -> V4 -> V2 -> L4 -> L3 -> I4 -> I3 -> A3 -> (A2) -> A1 -> C3 -> (C4) -> (D4) -> M3 -> N1 -> (N3) -> N4 -> P1 -> [P2],34.57345178687303,8008,9741,0.2609539031982422
Hard 3,BFS,[O1] -> N4 -> N1 -> M3 -> D4 -> C4 -> (C2) -> C3 -> A1 -> (A2) -> G1 -> (G2) -> G4 -> I1 -> (I2) -> I3 -> (D2) -> D4 -> M3 -> P1 -> P4 -> F3 -> (F2) -> F4 -> U4 -> U2 -> (E2) -> U2 -> U1 -> B4 -> (B2) -> B3 -> J3 -> J2 -> (H2) -> H1 -> J4 -> K4 -> K3 -> O3 -> [O1],45.03543064533715,46679,46789,0.5153417587280273
Hard 3,UCS,[O1] -> P3 -> P4 -> K2 -> (F2) -> F1 -> J3 -> J2 -> (H2) -> J2 -> J3 -> B3 -> (B2) -> B4 -> U1 -> U2 -> (E2) -> U2 -> U4 -> F4 -> Q4 -> Q1 -> M4 -> M1 -> D3 -> (D2) -> I3 -> (I2) -> I1 -> G4 -> (G2) -> G1 -> (A2) -> A1 -> C3 -> (C2) -> C4 -> D4 -> M3 -> N1 -> N4 -> [O1],42.74651126527708,46697,46817,0.7050321102142334
Hard 3,A*,[O1] -> N4 -> N1 -> M3 -> D4 -> C4 -> (C2) -> C3 -> A1 -> (A2) -> G1 -> (G2) -> G4 -> I1 -> (I2) -> I3 -> (D2) -> D3 -> M1 -> M4 -> Q1 -> Q4 -> F4 -> U4 -> U2 -> (E2) -> U2 -> U1 -> B4 -> (B2) -> B3 -> J3 -> J2 -> (H2) -> J2 -> J3 -> F1 -> (F2) -> K2 -> P4 -> P3 -> [O1],42.74651126527708,17262,21208,0.5528578758239746
Hard 4,BFS,[V3] -> V2 -> R4 -> (R1) -> I4 -> (I3) -> A3 -> A2 -> (G1) -> A2 -> A1 -> (D1) -> D4 -> M3 -> P1 -> (P3) -> K3 -> (K1) -> K4 -> (J4) -> H1 -> (H2) -> J2 -> J3 -> B3 -> (B4) -> B3 -> F1 -> (F4) -> W4 -> (W1) -> X3 -> (X1) -> X2 -> V4 -> [V3],39.04722714527996,364290,365317,4.446295976638794
Hard 4,UCS,[V3] -> V4 -> X2 -> (X1) -> X3 -> (W1) -> W4 -> (F4) -> U4 -> U1 -> (B4) -> B3 -> J3 -> J2 -> (H2) -> H1 -> (J4) -> K4 -> (K1) -> K3 -> (P3) -> P1 -> M3 -> D4 -> (D1) -> A1 -> A2 -> (G1) -> A2 -> A3 -> (I3) -> I4 -> (R1) -> R4 -> V2 -> [V3],38.85845590525623,356713,361878,6.754083156585693
Hard 4,A*,[V3] -> V4 -> X2 -> (X1) -> X3 -> (W1) -> W4 -> (F4) -> U4 -> U1 -> (B4) -> B3 -> J3 -> J2 -> (H2) -> H1 -> (J4) -> K4 -> (K1) -> K3 -> (P3) -> P1 -> M3 -> D4 -> (D1) -> A1 -> A2 -> (G1) -> A2 -> A3 -> (I3) -> I4 -> (R1) -> R4 -> V2 -> [V3],38.85845590525623,74332,98013,2.97248911857605
