LTS,OOP,coffee,collaborative,comments,comparative_ratio,desktop,experience,functional_programming,gamer,graphical_app,indentation,limited_sleep,multiplatform,online_documentation,performance,simple_syntax,video_game,class
Yes,Yes,Yes,No,24.20,1.0302,Yes,5.7,No,No,No,No,No,No,No,Yes,No,No,java
Yes,Yes,Yes,Yes,21.17,1.0019,Yes,5.9,No,No,No,Yes,No,No,No,No,No,No,java
No,No,Yes,No,15.89,1.0230,No,5.1,No,No,Yes,Yes,Yes,No,Yes,No,Yes,No,java
Yes,Yes,No,Yes,26.17,0.9964,No,19.9,No,No,Yes,Yes,No,No,No,Yes,Yes,No,java
Yes,Yes,Yes,No,18.45,1.0090,No,16.9,No,No,Yes,Yes,Yes,Yes,No,No,Yes,No,java
Yes,No,Yes,Yes,18.29,0.9610,Yes,17.8,No,Yes,No,No,Yes,Yes,No,Yes,No,No,java
Yes,Yes,No,No,15.64,1.0774,No,13.2,No,No,Yes,No,Yes,Yes,Yes,No,No,No,java
Yes,Yes,Yes,No,19.07,0.9936,No,14.9,No,No,No,Yes,Yes,Yes,Yes,No,No,No,java
Yes,No,Yes,Yes,21.21,0.9566,Yes,3.7,No,Yes,No,Yes,Yes,No,No,No,Yes,No,java
No,No,Yes,No,14.49,1.0187,Yes,9.3,No,No,Yes,No,Yes,No,Yes,No,No,No,java
No,No,Yes,Yes,17.58,0.9688,Yes,18.5,No,No,Yes,No,Yes,Yes,Yes,Yes,Yes,No,java
Yes,Yes,Yes,Yes,18.31,1.0028,No,8.3,No,Yes,No,Yes,No,No,No,No,Yes,No,java
No,Yes,Yes,Yes,26.35,0.9713,Yes,9.0,No,Yes,Yes,No,Yes,Yes,Yes,No,Yes,No,java
Yes,Yes,Yes,Yes,19.08,1.0426,Yes,1.3,No,No,No,No,Yes,No,Yes,No,Yes,No,java
Yes,Yes,No,Yes,19.41,1.0414,No,17.2,No,Yes,Yes,Yes,Yes,No,No,Yes,No,Yes,java
Yes,Yes,Yes,Yes,23.82,0.9651,Yes,14.4,No,Yes,Yes,Yes,No,No,Yes,No,Yes,No,java
No,No,Yes,Yes,18.59,1.0547,No,15.5,No,Yes,No,No,Yes,No,Yes,No,No,No,java
Yes,No,No,No,27.35,0.9492,No,17.3,No,No,No,Yes,No,Yes,Yes,Yes,Yes,No,java
Yes,Yes,No,Yes,15.72,1.0521,Yes,3.4,Yes,Yes,Yes,Yes,Yes,Yes,No,No,No,No,java
No,No,No,No,15.88,0.9910,Yes,11.5,No,No,No,Yes,Yes,No,Yes,Yes,No,No,java
Yes,Yes,Yes,Yes,28.31,0.9901,Yes,7.4,No,Yes,Yes,Yes,No,Yes,Yes,No,No,No,java
Yes,No,Yes,No,25.98,0.9981,Yes,12.6,No,No,Yes,Yes,Yes,Yes,Yes,No,Yes,Yes,java
No,No,No,Yes,18.91,0.9929,No,2.2,No,No,No,No,Yes,Yes,Yes,No,No,Yes,java
Yes,No,No,No,10.30,1.0254,Yes,1.9,No,No,No,Yes,No,Yes,No,No,Yes,No,java
Yes,Yes,Yes,Yes,25.10,0.9717,Yes,6.2,No,Yes,Yes,No,No,Yes,Yes,Yes,No,No,java
Yes,Yes,Yes,Yes,19.51,0.9839,No,11.3,No,Yes,Yes,Yes,Yes,Yes,Yes,No,Yes,No,java
Yes,No,Yes,Yes,25.38,0.9317,No,10.4,No,Yes,No,No,Yes,No,No,Yes,Yes,No,java
Yes,Yes,Yes,Yes,22.33,1.0378,No,7.5,No,No,Yes,Yes,No,Yes,No,No,No,No,java
Yes,No,Yes,Yes,22.54,0.9672,No,7.5,No,No,No,Yes,Yes,No,Yes,Yes,No,No,java
Yes,Yes,Yes,Yes,22.20,1.0336,Yes,10.5,No,Yes,Yes,No,Yes,No,Yes,No,No,No,java
Yes,No,Yes,No,15.22,1.0568,No,10.4,No,No,Yes,Yes,Yes,No,No,Yes,Yes,No,java
Yes,Yes,Yes,No,17.24,1.0486,Yes,16.6,No,Yes,No,Yes,Yes,No,Yes,Yes,No,No,java
Yes,Yes,Yes,No,30.46,0.9756,No,3.5,No,No,No,Yes,No,No,No,No,Yes,No,java
Yes,Yes,No,No,21.12,1.0731,Yes,6.4,No,No,No,No,No,Yes,No,No,Yes,No,java
No,Yes,Yes,No,21.79,0.9867,No,4.2,No,No,No,Yes,No,No,Yes,Yes,No,No,java
Yes,No,Yes,No,16.55,1.0362,Yes,15.4,No,Yes,No,Yes,No,No,Yes,Yes,No,Yes,java
Yes,Yes,Yes,Yes,31.43,0.9084,Yes,7.5,No,Yes,No,Yes,Yes,No,No,No,Yes,No,java
Yes,Yes,Yes,No,21.19,0.9924,No,2.0,No,Yes,Yes,Yes,Yes,No,No,Yes,No,No,java
Yes,No,Yes,No,17.23,0.9401,No,5.6,No,Yes,Yes,Yes,Yes,Yes,Yes,No,No,No,java
Yes,No,Yes,Yes,18.76,1.0312,Yes,3.6,No,No,No,Yes,Yes,No,Yes,Yes,No,No,java
Yes,No,Yes,Yes,14.21,1.0647,No,17.8,No,Yes,No,Yes,Yes,Yes,Yes,No,Yes,Yes,java
Yes,Yes,No,Yes,25.66,0.9907,No,2.4,No,Yes,No,No,Yes,No,No,No,Yes,No,java
Yes,Yes,No,Yes,24.90,0.9807,Yes,15.7,No,No,Yes,No,No,Yes,Yes,No,No,Yes,java
Yes,Yes,Yes,Yes,26.67,0.9530,Yes,11.2,No,Yes,No,No,Yes,Yes,Yes,No,No,No,java
Yes,No,Yes,Yes,31.94,0.9991,Yes,4.5,No,No,No,Yes,Yes,Yes,Yes,Yes,No,No,java
Yes,Yes,Yes,Yes,20.88,1.0502,Yes,7.2,No,Yes,Yes,No,Yes,No,No,No,No,No,java
Yes,No,Yes,Yes,19.12,0.9563,Yes,15.8,No,No,No,Yes,No,Yes,Yes,No,No,No,java
Yes,Yes,No,No,16.49,1.0328,No,11.6,Yes,Yes,Yes,No,Yes,No,No,No,No,No,java
No,No,No,Yes,20.44,0.9649,Yes,0.1,No,Yes,Yes,No,No,No,Yes,No,Yes,Yes,java
Yes,Yes,No,No,14.03,0.9969,Yes,12.6,No,Yes,No,No,No,Yes,Yes,Yes,Yes,Yes,java
Yes,No,Yes,Yes,20.50,1.0035,Yes,9.3,No,Yes,No,No,Yes,Yes,Yes,Yes,No,No,java
No,No,Yes,Yes,18.68,0.9554,Yes,4.2,No,Yes,No,No,Yes,Yes,No,No,Yes,Yes,java
No,No,No,No,9.78,1.0208,No,4.3,No,No,Yes,No,No,Yes,Yes,Yes,Yes,No,java
Yes,No,No,No,22.47,0.8449,No,9.6,No,Yes,Yes,Yes,Yes,No,No,No,Yes,No,java
Yes,Yes,Yes,Yes,13.13,0.9964,Yes,1.3,No,Yes,Yes,No,Yes,No,Yes,No,No,Yes,java
Yes,No,No,Yes,20.78,0.9685,Yes,14.0,Yes,No,No,Yes,No,Yes,Yes,No,No,No,java
Yes,Yes,No,Yes,20.52,1.0226,Yes,16.6,No,No,Yes,Yes,Yes,No,No,Yes,Yes,No,java
Yes,Yes,Yes,Yes,25.68,0.9747,No,18.6,No,No,No,No,Yes,No,No,No,No,No,java
Yes,Yes,Yes,Yes,21.73,1.0610,Yes,4.5,No,No,Yes,No,No,No,No,Yes,Yes,No,java
Yes,No,Yes,Yes,10.64,0.9344,No,12.1,No,No,Yes,Yes,Yes,Yes,No,Yes,Yes,Yes,java
Yes,Yes,Yes,Yes,22.80,1.0463,No,5.1,No,No,No,Yes,Yes,Yes,Yes,No,Yes,No,java
Yes,No,Yes,Yes,16.13,1.0340,Yes,3.5,No,No,No,Yes,No,Yes,Yes,No,No,No,java
Yes,Yes,Yes,Yes,27.77,0.9976,No,12.2,No,No,No,Yes,Yes,Yes,No,No,No,No,java
Yes,No,No,Yes,18.18,1.0156,No,3.6,No,No,Yes,No,Yes,No,Yes,No,No,No,java
Yes,No,No,Yes,25.74,1.0606,Yes,4.2,No,No,Yes,No,Yes,No,Yes,No,Yes,No,java
Yes,No,Yes,No,19.24,0.9384,Yes,11.9,No,No,No,No,Yes,No,Yes,Yes,No,No,java
Yes,Yes,No,No,24.93,1.0404,No,6.7,No,No,No,Yes,Yes,No,Yes,Yes,No,No,java
Yes,No,No,Yes,9.98,0.9782,Yes,4.6,No,No,Yes,Yes,Yes,Yes,Yes,No,No,No,java
Yes,Yes,Yes,Yes,27.52,0.9995,No,2.9,No,No,No,No,Yes,No,Yes,No,No,No,java
Yes,No,No,Yes,22.80,0.9908,Yes,9.0,No,No,No,Yes,No,Yes,Yes,Yes,Yes,No,java
Yes,Yes,Yes,Yes,16.32,0.9069,No,19.0,No,Yes,No,No,Yes,No,No,Yes,No,No,java
Yes,Yes,Yes,No,14.75,1.0275,Yes,11.3,No,Yes,Yes,Yes,No,No,Yes,Yes,No,No,java
Yes,No,Yes,Yes,20.15,1.0398,No,0.8,No,No,Yes,No,Yes,No,Yes,No,Yes,No,java
Yes,Yes,Yes,Yes,16.65,0.8939,No,12.2,No,Yes,No,No,Yes,No,No,No,Yes,No,java
Yes,No,Yes,Yes,22.28,0.8939,Yes,10.5,No,No,Yes,Yes,No,No,No,Yes,No,Yes,java
Yes,Yes,Yes,Yes,23.04,0.9491,Yes,9.9,No,No,Yes,No,Yes,Yes,No,No,No,No,java
Yes,Yes,Yes,Yes,24.31,1.0230,Yes,7.5,No,Yes,No,No,No,Yes,Yes,No,Yes,Yes,java
Yes,Yes,No,No,23.31,0.9893,No,13.4,No,Yes,No,Yes,Yes,No,Yes,Yes,Yes,No,java
Yes,Yes,Yes,No,27.91,0.9969,No,0.4,No,Yes,No,No,Yes,Yes,Yes,Yes,No,No,java
Yes,No,Yes,Yes,17.36,0.9144,No,7.7,No,No,Yes,Yes,Yes,No,Yes,No,Yes,No,java
No,Yes,Yes,Yes,25.52,1.0097,No,2.1,No,No,No,No,Yes,Yes,Yes,No,Yes,Yes,java
Yes,Yes,Yes,Yes,24.98,1.0104,No,9.2,No,No,Yes,Yes,Yes,No,No,No,No,No,java
Yes,Yes,Yes,Yes,20.96,0.9469,No,10.1,No,No,Yes,No,Yes,No,No,No,No,No,java
Yes,Yes,No,No,22.76,1.0176,No,17.5,No,Yes,No,Yes,Yes,No,Yes,Yes,No,No,java
No,Yes,Yes,Yes,21.07,0.9577,No,6.0,No,No,Yes,Yes,Yes,No,Yes,Yes,No,No,java
Yes,Yes,Yes,Yes,20.45,1.0113,Yes,10.3,No,Yes,Yes,Yes,No,No,Yes,No,No,No,java
Yes,Yes,No,No,29.20,1.0014,Yes,5.1,No,No,No,No,Yes,No,Yes,No,Yes,No,java
Yes,No,Yes,Yes,20.31,0.9554,No,1.9,No,No,No,Yes,No,Yes,Yes,No,Yes,No,java
No,No,Yes,Yes,19.47,0.9638,No,8.9,No,Yes,No,Yes,Yes,Yes,Yes,Yes,Yes,No,java
Yes,Yes,Yes,Yes,15.91,1.0894,No,19.5,No,No,No,Yes,No,Yes,No,No,Yes,Yes,java
Yes,No,No,Yes,13.74,1.0304,Yes,19.6,No,Yes,No,Yes,Yes,No,Yes,No,No,No,java
Yes,Yes,Yes,No,23.64,1.0694,No,12.6,No,Yes,No,Yes,Yes,Yes,No,No,No,No,java
Yes,Yes,No,Yes,17.93,0.9477,No,14.1,No,No,No,No,Yes,Yes,Yes,No,No,No,java
Yes,No,Yes,Yes,21.25,0.9410,No,18.5,Yes,No,No,No,Yes,Yes,Yes,No,No,No,java
No,Yes,No,Yes,23.30,0.9572,No,13.9,No,Yes,No,No,Yes,Yes,Yes,No,Yes,No,java
No,Yes,Yes,Yes,15.19,1.0177,Yes,3.4,No,Yes,No,Yes,Yes,Yes,Yes,No,Yes,No,java
Yes,Yes,Yes,Yes,21.32,0.9811,Yes,4.0,No,No,No,Yes,Yes,Yes,Yes,No,Yes,No,java
Yes,Yes,Yes,No,14.32,0.9327,Yes,6.9,No,No,Yes,No,No,Yes,No,No,Yes,No,java
Yes,No,Yes,No,25.70,1.0126,No,12.4,No,Yes,No,Yes,Yes,No,Yes,Yes,Yes,Yes,java
No,No,Yes,Yes,22.31,0.9136,Yes,3.8,No,Yes,Yes,Yes,Yes,No,No,No,Yes,No,java
Yes,Yes,Yes,Yes,28.53,0.9368,No,9.5,No,Yes,Yes,Yes,Yes,No,Yes,Yes,No,No,java
Yes,No,Yes,Yes,8.27,1.0080,No,14.1,No,Yes,Yes,No,Yes,Yes,No,No,No,Yes,java
Yes,No,No,No,21.52,1.0660,No,14.7,No,No,No,Yes,No,No,Yes,No,Yes,No,java
Yes,No,Yes,No,13.27,1.0593,No,11.9,No,Yes,Yes,Yes,No,Yes,No,No,No,No,java
Yes,No,No,Yes,20.20,1.0311,No,0.5,No,No,Yes,Yes,Yes,No,Yes,Yes,Yes,No,java
No,Yes,Yes,Yes,17.78,0.9737,Yes,14.8,No,No,No,No,Yes,No,No,Yes,No,Yes,java
Yes,Yes,No,Yes,10.37,0.9922,Yes,3.5,No,No,No,Yes,No,Yes,Yes,No,Yes,No,java
Yes,No,Yes,Yes,24.39,0.8934,No,17.9,No,Yes,No,No,Yes,No,Yes,No,No,No,java
Yes,Yes,No,Yes,18.61,1.0287,Yes,16.1,No,Yes,No,Yes,No,Yes,Yes,Yes,Yes,No,java
Yes,No,No,Yes,11.52,1.0481,Yes,3.0,No,Yes,No,No,Yes,No,No,No,No,Yes,java
No,Yes,Yes,Yes,19.36,1.0497,No,4.3,No,No,Yes,Yes,No,No,Yes,No,No,No,java
Yes,No,Yes,No,11.68,0.9416,No,16.5,No,Yes,Yes,Yes,Yes,Yes,Yes,Yes,No,Yes,java
Yes,Yes,No,No,20.17,0.9528,Yes,9.0,No,Yes,Yes,Yes,Yes,No,Yes,No,No,No,java
No,No,No,Yes,19.95,1.0140,No,2.2,No,Yes,No,Yes,Yes,No,No,No,Yes,Yes,java
No,Yes,Yes,Yes,14.06,0.9866,No,4.6,Yes,Yes,Yes,Yes,Yes,No,Yes,Yes,Yes,Yes,java
Yes,No,Yes,No,16.61,1.0164,No,4.8,No,Yes,Yes,Yes,No,Yes,Yes,No,No,No,java
Yes,Yes,Yes,Yes,19.40,0.9458,Yes,15.1,No,No,No,No,No,Yes,Yes,No,Yes,No,java
Yes,Yes,Yes,No,15.48,1.0044,No,12.4,No,Yes,No,No,Yes,Yes,No,Yes,No,No,java
Yes,No,Yes,Yes,18.78,0.9835,No,1.4,No,No,No,Yes,Yes,Yes,No,No,Yes,No,java
Yes,Yes,No,No,15.58,1.0133,No,19.3,No,Yes,No,No,Yes,No,Yes,No,No,No,java
No,No,Yes,Yes,22.10,0.9922,No,7.7,No,Yes,Yes,No,Yes,No,No,Yes,No,No,java
No,Yes,Yes,Yes,13.63,0.9761,Yes,9.2,No,No,Yes,Yes,Yes,No,No,Yes,No,No,java
Yes,Yes,No,Yes,18.10,1.0196,No,6.1,No,No,No,No,Yes,Yes,No,Yes,No,No,java
Yes,Yes,Yes,Yes,15.33,0.9863,No,8.5,No,Yes,No,No,Yes,No,Yes,Yes,Yes,No,java
Yes,Yes,Yes,Yes,20.27,0.9941,Yes,19.2,No,No,No,Yes,Yes,No,Yes,Yes,Yes,No,java
Yes,Yes,Yes,No,21.80,0.9774,No,4.5,No,No,Yes,Yes,Yes,No,No,No,Yes,Yes,java
Yes,No,No,No,23.26,1.0177,Yes,1.2,No,No,Yes,Yes,Yes,No,Yes,Yes,No,Yes,java
No,Yes,Yes,No,17.64,1.0660,No,7.2,No,No,Yes,No,No,No,Yes,Yes,No,No,java
Yes,Yes,Yes,Yes,16.40,0.9884,No,15.6,No,Yes,Yes,Yes,No,No,Yes,No,Yes,Yes,java
Yes,Yes,Yes,Yes,15.31,0.9409,Yes,11.5,No,Yes,Yes,No,Yes,Yes,Yes,Yes,Yes,Yes,java
Yes,No,Yes,Yes,24.91,0.9530,Yes,3.6,Yes,No,No,No,Yes,No,Yes,No,Yes,No,java
Yes,Yes,No,No,19.62,1.0062,No,10.8,No,Yes,No,Yes,Yes,No,Yes,No,No,Yes,java
Yes,Yes,Yes,Yes,24.36,1.0032,Yes,8.8,No,No,Yes,No,No,Yes,Yes,No,Yes,No,java
Yes,Yes,Yes,No,14.37,0.9816,No,6.4,No,Yes,No,Yes,No,Yes,No,No,Yes,No,java
Yes,Yes,Yes,Yes,12.26,1.0135,No,13.4,No,No,Yes,No,Yes,No,Yes,No,No,No,java
Yes,Yes,No,Yes,24.18,0.9547,No,8.0,No,No,No,Yes,No,No,Yes,No,Yes,No,java
Yes,Yes,Yes,Yes,13.81,1.0135,Yes,19.1,No,No,Yes,No,Yes,No,Yes,No,Yes,No,java
Yes,Yes,Yes,Yes,14.57,0.9799,No,2.3,No,No,Yes,No,Yes,Yes,Yes,No,Yes,Yes,java
Yes,No,No,No,21.29,0.9759,Yes,13.3,No,No,Yes,No,No,Yes,No,No,Yes,No,java
Yes,No,Yes,No,12.79,1.0550,No,0.2,No,No,No,Yes,Yes,Yes,No,No,Yes,No,java
Yes,Yes,No,Yes,15.81,0.9006,Yes,15.0,No,No,No,Yes,Yes,No,Yes,Yes,Yes,No,java
Yes,Yes,Yes,No,27.40,0.9659,No,10.3,No,No,No,Yes,No,No,Yes,No,No,No,java
Yes,Yes,Yes,Yes,16.12,1.0723,Yes,8.2,Yes,Yes,No,Yes,Yes,Yes,Yes,No,Yes,No,java
Yes,Yes,Yes,Yes,9.13,1.0827,No,15.2,No,Yes,Yes,No,No,No,Yes,No,Yes,No,java
Yes,Yes,Yes,No,27.81,1.0191,No,2.1,No,No,No,Yes,No,No,No,No,Yes,No,java
No,No,No,Yes,20.76,0.8812,Yes,7.2,No,Yes,No,No,Yes,Yes,Yes,No,No,No,java
Yes,Yes,Yes,Yes,26.15,0.9932,No,8.3,No,No,Yes,Yes,Yes,Yes,No,No,Yes,No,java
Yes,Yes,Yes,No,17.21,0.9607,Yes,18.2,No,No,No,No,No,No,Yes,Yes,Yes,No,java
Yes,Yes,No,Yes,22.19,1.0623,No,13.1,No,No,No,No,Yes,No,Yes,Yes,Yes,No,java
Yes,Yes,No,No,19.75,1.0059,Yes,9.7,No,No,No,No,No,No,Yes,Yes,No,No,java
Yes,Yes,No,No,15.35,1.0267,No,13.5,No,No,Yes,Yes,No,No,No,No,No,Yes,java
Yes,Yes,Yes,Yes,18.96,0.9558,Yes,12.7,No,Yes,No,Yes,Yes,No,Yes,No,No,No,java
No,No,Yes,Yes,20.82,0.9731,No,9.7,No,No,No,No,No,No,Yes,No,No,No,java
Yes,Yes,No,Yes,22.60,1.0399,No,1.6,Yes,No,No,No,No,Yes,Yes,Yes,No,No,java
No,No,No,No,13.86,1.0792,No,10.8,No,Yes,No,Yes,No,No,No,No,No,Yes,java
Yes,Yes,Yes,Yes,18.00,1.1026,No,6.3,No,No,No,No,Yes,No,No,No,Yes,No,java
Yes,Yes,No,Yes,20.40,0.9537,No,8.7,No,No,No,No,Yes,No,Yes,No,No,No,java
Yes,No,Yes,No,18.23,0.9254,No,19.4,No,No,No,No,Yes,No,Yes,Yes,No,No,java
Yes,Yes,No,Yes,20.06,0.9656,No,15.5,No,No,No,Yes,Yes,Yes,Yes,Yes,Yes,No,java
Yes,No,No,No,20.89,0.8990,Yes,14.8,No,No,No,Yes,Yes,Yes,Yes,No,No,No,java
Yes,Yes,Yes,No,16.80,1.0578,No,2.3,No,No,Yes,No,Yes,Yes,No,No,No,Yes,java
Yes,Yes,No,Yes,20.25,1.1131,Yes,3.1,No,Yes,No,Yes,Yes,No,Yes,Yes,No,No,java
Yes,Yes,No,No,21.49,0.9975,Yes,15.4,No,Yes,No,Yes,Yes,No,Yes,No,Yes,No,java
Yes,Yes,Yes,Yes,19.40,0.9934,No,14.0,No,No,Yes,Yes,Yes,Yes,No,No,No,Yes,java
Yes,No,Yes,Yes,25.67,0.9586,Yes,12.1,Yes,No,No,Yes,Yes,Yes,Yes,Yes,Yes,No,java
Yes,No,Yes,Yes,23.73,1.0649,Yes,15.1,No,Yes,Yes,Yes,No,No,No,No,Yes,Yes,java
Yes,Yes,No,No,10.69,1.0039,No,10.9,No,No,Yes,Yes,Yes,Yes,Yes,No,No,Yes,java
Yes,Yes,Yes,Yes,24.80,1.0012,No,1.6,No,No,No,Yes,No,Yes,Yes,Yes,Yes,No,java
Yes,Yes,Yes,Yes,14.45,1.0183,Yes,5.4,No,Yes,No,No,Yes,Yes,Yes,No,No,No,java
No,Yes,No,Yes,13.31,1.0031,Yes,16.8,No,No,No,Yes,Yes,No,Yes,No,Yes,No,java
No,Yes,Yes,Yes,28.66,0.8908,No,8.5,No,No,No,Yes,Yes,Yes,No,No,Yes,Yes,java
Yes,No,Yes,Yes,10.49,0.9239,No,12.0,No,No,Yes,No,No,Yes,Yes,Yes,No,No,java
Yes,Yes,Yes,Yes,25.31,1.0045,Yes,4.4,No,Yes,No,No,Yes,No,Yes,Yes,Yes,No,java
No,Yes,Yes,No,24.21,0.9879,Yes,16.7,No,Yes,Yes,No,Yes,Yes,No,No,No,Yes,java
Yes,Yes,Yes,No,21.20,1.0124,Yes,18.8,No,No,Yes,No,No,Yes,Yes,No,Yes,No,java
Yes,Yes,Yes,No,18.60,1.0479,Yes,10.7,No,No,No,No,Yes,Yes,No,No,Yes,No,java
Yes,No,No,No,13.95,1.0298,Yes,10.4,No,Yes,Yes,No,Yes,Yes,No,No,No,No,java
Yes,No,No,Yes,22.73,0.9376,Yes,19.3,No,No,Yes,No,Yes,Yes,Yes,No,Yes,No,java
Yes,No,Yes,No,23.22,1.0512,No,11.5,No,Yes,Yes,No,Yes,Yes,No,Yes,Yes,No,java
Yes,No,Yes,Yes,18.19,1.0366,Yes,14.4,No,Yes,Yes,No,Yes,Yes,Yes,No,Yes,Yes,java
Yes,No,Yes,Yes,30.30,0.9855,No,5.3,No,No,Yes,Yes,No,No,Yes,Yes,No,No,java
Yes,No,Yes,Yes,12.51,1.0790,No,4.1,No,No,Yes,Yes,Yes,No,No,No,No,Yes,java
Yes,Yes,No,Yes,14.63,0.9849,Yes,12.2,No,Yes,No,Yes,Yes,No,Yes,Yes,No,No,java
No,No,No,Yes,26.56,1.0760,Yes,2.1,No,No,Yes,Yes,Yes,Yes,Yes,Yes,Yes,No,java
Yes,Yes,Yes,Yes,24.12,0.9855,Yes,4.1,No,No,Yes,Yes,Yes,No,Yes,No,No,No,java
Yes,Yes,Yes,No,30.62,1.0004,Yes,7.7,No,No,Yes,Yes,Yes,Yes,Yes,No,Yes,No,java
Yes,Yes,No,Yes,19.32,1.1015,No,14.5,No,Yes,No,No,No,Yes,Yes,No,No,No,java
Yes,Yes,No,Yes,25.16,0.9432,Yes,4.1,No,Yes,Yes,Yes,No,No,No,Yes,Yes,Yes,java
Yes,Yes,Yes,Yes,9.40,1.0104,Yes,4.9,No,Yes,No,Yes,Yes,Yes,No,No,No,No,java
Yes,Yes,Yes,No,13.12,1.0718,Yes,8.0,No,No,Yes,Yes,No,No,No,No,Yes,No,java
Yes,No,Yes,Yes,20.50,0.9836,No,10.7,No,Yes,Yes,Yes,Yes,No,No,Yes,No,Yes,java
Yes,Yes,No,Yes,21.79,1.0145,Yes,3.9,No,No,Yes,Yes,Yes,No,No,Yes,No,No,java
No,Yes,Yes,Yes,21.84,0.9876,No,7.9,No,No,No,Yes,No,No,Yes,No,No,No,java
Yes,No,No,No,22.79,0.9961,No,4.4,No,Yes,Yes,Yes,Yes,Yes,Yes,Yes,Yes,No,java
Yes,Yes,Yes,Yes,25.49,0.9061,No,6.1,No,No,Yes,Yes,Yes,Yes,Yes,Yes,Yes,No,java
Yes,No,Yes,No,21.83,1.0354,Yes,6.6,No,Yes,No,Yes,Yes,No,Yes,Yes,Yes,No,java
Yes,Yes,Yes,Yes,16.31,0.9732,Yes,7.0,No,No,Yes,Yes,Yes,Yes,Yes,No,No,No,java
Yes,Yes,No,Yes,20.03,1.0272,Yes,6.0,No,No,Yes,No,No,Yes,Yes,No,Yes,No,java
Yes,No,Yes,Yes,20.58,0.9276,No,14.1,No,No,Yes,Yes,No,No,No,No,No,No,java
Yes,Yes,Yes,Yes,22.49,0.8994,Yes,7.7,Yes,Yes,No,Yes,Yes,No,Yes,No,No,No,java
Yes,Yes,No,Yes,14.92,0.9803,No,19.0,No,No,No,Yes,Yes,Yes,Yes,No,Yes,No,java
Yes,Yes,Yes,Yes,14.56,1.0804,No,13.7,No,No,Yes,No,No,No,Yes,Yes,No,No,java
Yes,No,Yes,No,20.35,1.0112,Yes,3.5,No,Yes,No,No,Yes,No,No,No,No,Yes,java
Yes,No,Yes,No,17.49,0.9994,Yes,15.1,No,Yes,No,Yes,No,No,Yes,No,No,No,java
Yes,Yes,No,Yes,24.77,0.9781,Yes,13.9,No,Yes,Yes,No,Yes,Yes,Yes,No,No,No,java
Yes,Yes,Yes,Yes,25.45,0.9938,No,12.5,No,No,No,Yes,Yes,No,Yes,No,Yes,No,java
Yes,No,Yes,Yes,17.12,1.0272,No,6.3,No,No,Yes,No,No,No,No,No,Yes,No,java
Yes,Yes,Yes,Yes,14.00,0.9266,Yes,18.9,No,No,No,Yes,Yes,Yes,Yes,No,Yes,Yes,java
Yes,No,Yes,Yes,29.48,1.0188,No,19.3,No,Yes,No,No,No,Yes,Yes,No,Yes,Yes,java
Yes,No,No,Yes,20.60,1.0501,Yes,4.6,No,No,No,No,No,No,Yes,Yes,Yes,No,java
No,No,No,Yes,18.60,1.0567,No,9.2,No,Yes,Yes,Yes,Yes,No,No,No,Yes,No,java
Yes,No,Yes,No,20.32,1.0598,No,14.4,No,No,Yes,No,No,Yes,Yes,No,Yes,No,java
Yes,Yes,Yes,No,17.53,1.0291,Yes,18.9,No,Yes,No,Yes,No,Yes,Yes,No,No,No,java
Yes,Yes,Yes,No,14.94,0.9908,No,12.4,No,No,Yes,Yes,Yes,No,Yes,Yes,No,No,java
Yes,No,Yes,No,14.43,1.0729,No,0.6,No,Yes,No,No,No,Yes,Yes,No,Yes,No,java
Yes,No,Yes,Yes,15.47,1.0402,Yes,14.7,No,Yes,No,No,Yes,Yes,Yes,Yes,Yes,No,java
Yes,Yes,No,No,19.65,0.9582,Yes,14.4,No,Yes,No,No,Yes,No,No,Yes,No,No,java
Yes,No,No,No,19.88,0.9621,Yes,16.2,No,No,No,Yes,Yes,No,Yes,Yes,No,No,java
Yes,Yes,Yes,Yes,18.34,0.9922,Yes,6.5,No,No,Yes,No,Yes,Yes,Yes,No,Yes,No,java
Yes,No,No,No,14.49,0.9739,No,18.2,No,Yes,Yes,No,No,No,No,Yes,No,No,java
Yes,Yes,No,Yes,23.02,0.9389,No,16.9,No,Yes,Yes,No,Yes,Yes,Yes,No,No,No,java
Yes,No,Yes,No,12.01,0.9849,No,6.5,No,Yes,No,No,No,Yes,Yes,No,Yes,No,java
Yes,Yes,No,Yes,20.42,1.0258,Yes,18.3,No,No,No,Yes,Yes,No,Yes,No,No,No,java
Yes,Yes,No,No,30.19,0.9858,No,7.8,Yes,No,Yes,No,Yes,No,Yes,Yes,No,No,java
Yes,Yes,Yes,Yes,13.36,1.0605,No,6.4,No,No,No,No,Yes,No,Yes,No,Yes,No,java
Yes,Yes,Yes,Yes,19.81,1.0468,No,8.6,No,No,Yes,No,Yes,No,Yes,Yes,No,No,java
Yes,No,No,Yes,13.10,1.0232,Yes,18.8,No,No,Yes,No,Yes,No,No,No,Yes,No,java
No,No,No,Yes,23.39,0.9908,Yes,18.1,No,Yes,Yes,No,Yes,Yes,No,No,Yes,No,java
Yes,Yes,Yes,Yes,17.13,1.0049,No,17.3,No,Yes,No,No,Yes,Yes,Yes,No,Yes,No,java
Yes,Yes,Yes,Yes,12.70,1.0496,No,2.3,No,Yes,Yes,No,Yes,No,Yes,No,No,No,java
Yes,Yes,No,Yes,16.88,1.0233,Yes,12.1,No,No,No,No,Yes,Yes,No,Yes,Yes,No,java
Yes,No,No,Yes,17.99,0.9561,No,12.0,No,No,Yes,No,No,No,No,No,Yes,Yes,java
Yes,Yes,Yes,Yes,25.91,0.9340,Yes,15.0,No,No,Yes,Yes,Yes,Yes,Yes,No,No,No,java
Yes,Yes,Yes,Yes,16.52,0.9643,No,9.9,No,No,Yes,No,Yes,Yes,No,No,Yes,No,java
Yes,Yes,No,Yes,22.12,1.1320,No,8.0,No,Yes,No,Yes,Yes,No,Yes,No,No,No,java
Yes,Yes,Yes,Yes,23.49,1.0585,Yes,19.6,No,Yes,No,No,Yes,Yes,Yes,Yes,No,No,java
Yes,No,No,No,26.00,0.9916,No,15.5,No,No,No,Yes,No,No,Yes,No,Yes,Yes,java
Yes,Yes,Yes,Yes,17.98,1.0474,Yes,16.7,No,No,Yes,Yes,Yes,No,Yes,No,Yes,No,java
Yes,Yes,No,No,17.95,0.9937,Yes,11.4,No,No,No,No,No,No,Yes,Yes,Yes,No,java
Yes,No,No,Yes,26.69,1.0331,Yes,4.8,No,Yes,Yes,Yes,Yes,No,Yes,Yes,Yes,No,java
Yes,Yes,Yes,No,28.14,0.9638,Yes,6.6,No,Yes,No,No,No,Yes,Yes,No,No,No,java
Yes,Yes,No,Yes,18.91,0.9493,Yes,12.9,No,Yes,No,No,No,Yes,Yes,No,No,No,java
Yes,Yes,No,Yes,19.99,0.9783,Yes,1.1,No,Yes,No,Yes,No,No,No,Yes,No,No,java
Yes,No,Yes,No,21.19,1.0462,Yes,16.3,No,Yes,Yes,No,Yes,No,Yes,No,Yes,No,java
Yes,No,Yes,No,21.53,1.0419,No,1.5,No,Yes,No,No,Yes,Yes,Yes,No,No,No,java
Yes,Yes,No,Yes,20.40,0.9148,No,6.0,No,No,Yes,Yes,No,No,Yes,No,No,No,java
Yes,Yes,No,Yes,14.55,1.0687,Yes,2.2,No,Yes,No,Yes,Yes,Yes,Yes,No,Yes,No,java
Yes,Yes,Yes,No,15.77,0.9842,No,19.0,No,Yes,Yes,Yes,No,Yes,No,No,No,No,java
Yes,Yes,Yes,No,18.62,1.1248,Yes,5.5,No,No,Yes,No,Yes,No,No,No,Yes,No,java
No,Yes,Yes,Yes,9.58,1.0781,No,6.9,No,Yes,No,No,No,Yes,No,Yes,No,No,java
Yes,No,Yes,Yes,28.51,0.9887,No,18.6,No,Yes,No,No,No,Yes,Yes,No,Yes,No,java
Yes,Yes,Yes,No,13.44,1.0083,No,16.7,No,Yes,No,Yes,Yes,Yes,No,No,Yes,No,java
Yes,No,No,No,22.17,0.9892,No,0.9,No,Yes,Yes,No,Yes,No,Yes,Yes,Yes,No,java
Yes,Yes,No,Yes,29.39,1.0174,No,18.5,No,No,Yes,No,No,No,Yes,Yes,Yes,No,java
Yes,No,No,No,25.96,0.9987,No,17.4,No,No,Yes,Yes,Yes,No,Yes,No,No,No,java
Yes,Yes,Yes,Yes,22.14,1.0198,No,13.5,No,No,No,No,Yes,No,Yes,No,Yes,No,java
Yes,Yes,Yes,Yes,23.09,1.0707,No,16.6,No,No,Yes,Yes,No,No,No,No,Yes,No,java
No,Yes,No,No,28.61,1.0804,Yes,2.3,Yes,No,Yes,No,Yes,No,Yes,Yes,No,Yes,java
No,Yes,Yes,Yes,19.69,1.0043,No,9.3,No,No,No,No,No,Yes,Yes,No,Yes,No,java
Yes,Yes,No,Yes,23.65,1.0758,Yes,9.6,No,No,Yes,Yes,Yes,Yes,No,No,Yes,No,java
Yes,Yes,Yes,No,18.14,1.0079,No,4.5,No,No,Yes,No,Yes,Yes,Yes,No,Yes,No,java
Yes,Yes,No,Yes,23.32,1.0061,Yes,10.8,No,No,Yes,No,Yes,Yes,Yes,Yes,Yes,No,java
Yes,Yes,Yes,Yes,21.79,1.0337,No,10.7,No,No,Yes,No,Yes,No,Yes,Yes,Yes,No,java
Yes,Yes,No,Yes,18.35,0.9452,Yes,19.5,No,No,Yes,No,Yes,Yes,No,Yes,No,No,java
Yes,No,Yes,Yes,15.56,0.9971,Yes,4.3,Yes,Yes,No,No,Yes,Yes,Yes,No,Yes,No,java
Yes,Yes,Yes,Yes,29.27,1.0233,Yes,3.5,No,No,Yes,Yes,Yes,Yes,Yes,No,No,No,java
Yes,Yes,Yes,Yes,22.77,0.9182,No,0.6,No,Yes,Yes,No,Yes,No,No,No,Yes,No,java
Yes,Yes,Yes,Yes,25.82,0.9626,No,1.2,Yes,Yes,Yes,Yes,Yes,No,Yes,No,Yes,Yes,java
Yes,Yes,Yes,Yes,24.41,0.9450,Yes,16.8,No,Yes,Yes,Yes,Yes,No,Yes,Yes,No,No,java
No,Yes,Yes,No,12.75,1.0264,Yes,1.4,No,Yes,Yes,Yes,Yes,No,Yes,No,No,No,java
Yes,Yes,No,Yes,23.89,1.1568,Yes,7.4,No,Yes,Yes,Yes,Yes,No,Yes,Yes,Yes,Yes,java
Yes,No,Yes,No,21.07,1.0460,No,0.8,No,Yes,No,Yes,Yes,Yes,No,No,Yes,No,java
Yes,Yes,Yes,No,22.68,0.9964,No,6.5,No,Yes,No,No,Yes,No,No,No,Yes,No,java
No,Yes,Yes,No,30.26,0.9949,No,11.3,No,Yes,No,No,Yes,Yes,Yes,No,Yes,No,java
Yes,Yes,Yes,Yes,28.65,1.0882,No,2.9,No,No,Yes,Yes,Yes,No,Yes,Yes,Yes,No,java
Yes,Yes,No,Yes,16.42,0.9778,No,14.2,Yes,Yes,Yes,No,No,Yes,Yes,No,No,No,java
Yes,No,Yes,Yes,26.41,0.9508,No,0.7,No,No,Yes,Yes,Yes,Yes,Yes,No,No,No,java
Yes,Yes,Yes,Yes,23.59,0.9283,No,5.8,No,No,No,Yes,Yes,Yes,Yes,No,Yes,No,java
No,Yes,Yes,No,23.23,0.9153,No,2.8,Yes,Yes,Yes,Yes,Yes,Yes,Yes,No,Yes,No,java
Yes,Yes,Yes,Yes,26.84,1.0284,Yes,18.1,No,No,Yes,Yes,Yes,No,Yes,No,Yes,Yes,java
No,Yes,No,Yes,21.17,1.0496,Yes,19.3,No,Yes,No,Yes,Yes,No,Yes,Yes,Yes,No,java
Yes,No,Yes,No,18.61,0.9753,Yes,9.3,No,Yes,No,Yes,Yes,Yes,Yes,No,Yes,No,java
Yes,Yes,Yes,No,24.09,1.0334,No,1.0,No,No,Yes,No,Yes,No,Yes,No,Yes,No,java
No,No,Yes,Yes,22.86,0.9860,Yes,14.8,No,Yes,No,Yes,No,Yes,Yes,No,No,No,java
Yes,Yes,Yes,No,19.26,1.0473,No,2.3,No,No,Yes,No,Yes,Yes,Yes,Yes,Yes,Yes,java
Yes,Yes,Yes,Yes,18.13,0.9755,No,5.7,No,Yes,No,No,Yes,Yes,No,No,Yes,No,java
No,No,Yes,Yes,9.23,0.9363,No,18.7,No,No,Yes,No,No,Yes,No,Yes,Yes,No,java
Yes,Yes,Yes,Yes,14.56,1.0135,Yes,7.5,No,Yes,Yes,Yes,Yes,No,Yes,No,No,Yes,java
Yes,Yes,Yes,No,23.66,1.0033,No,18.5,No,Yes,No,No,Yes,Yes,No,No,Yes,No,java
Yes,Yes,No,Yes,20.38,1.0245,Yes,16.6,No,Yes,Yes,Yes,Yes,Yes,No,Yes,Yes,No,java
Yes,No,Yes,Yes,24.31,0.9151,Yes,7.1,No,No,No,No,Yes,No,Yes,No,No,No,java
Yes,Yes,No,Yes,7.75,1.0449,No,19.8,No,No,Yes,No,No,Yes,Yes,No,Yes,Yes,java
Yes,Yes,No,Yes,15.81,1.0220,No,13.9,No,Yes,Yes,No,Yes,Yes,No,No,Yes,No,java
Yes,Yes,No,Yes,24.74,0.9644,No,14.9,No,Yes,Yes,No,Yes,No,Yes,No,No,No,java
Yes,Yes,No,No,18.92,1.0433,No,18.3,No,No,Yes,No,No,No,No,Yes,No,No,java
Yes,Yes,Yes,No,18.94,0.9995,Yes,15.3,No,Yes,No,Yes,Yes,Yes,Yes,No,Yes,No,java
Yes,No,Yes,No,11.52,1.0785,No,2.8,No,No,Yes,No,Yes,Yes,Yes,No,Yes,No,java
No,No,Yes,No,25.33,0.9050,Yes,6.8,No,No,Yes,No,Yes,Yes,Yes,Yes,Yes,No,java
Yes,Yes,Yes,Yes,11.90,1.0245,No,6.4,No,No,No,No,Yes,Yes,Yes,No,No,No,java
Yes,Yes,Yes,No,20.91,0.9940,No,1.9,No,Yes,Yes,No,Yes,No,Yes,Yes,No,No,java
Yes,No,No,No,21.21,0.9802,Yes,16.1,No,No,No,No,Yes,No,No,No,Yes,No,java
Yes,Yes,No,No,28.07,0.9290,Yes,11.2,No,No,Yes,Yes,No,Yes,Yes,Yes,No,No,java
Yes,Yes,Yes,Yes,16.67,0.8985,No,7.8,No,No,Yes,No,Yes,Yes,No,No,Yes,No,java
No,Yes,Yes,No,19.66,1.0094,Yes,13.6,Yes,No,No,No,No,Yes,No,No,No,No,java
Yes,Yes,Yes,Yes,24.53,0.9260,No,1.1,No,Yes,No,No,Yes,Yes,Yes,Yes,Yes,No,java
Yes,Yes,Yes,Yes,13.88,1.0653,No,4.5,No,Yes,No,Yes,Yes,No,Yes,Yes,No,No,java
Yes,No,Yes,No,19.58,1.0040,No,14.6,No,No,Yes,No,Yes,Yes,Yes,No,Yes,No,java
Yes,Yes,Yes,No,18.37,1.0576,Yes,7.4,No,No,No,No,Yes,Yes,No,No,No,Yes,java
No,Yes,No,Yes,22.09,1.0270,Yes,16.6,No,No,Yes,Yes,Yes,No,Yes,Yes,No,No,java
Yes,No,Yes,No,10.10,1.0295,Yes,12.4,No,No,No,Yes,No,Yes,Yes,No,No,No,java
Yes,Yes,Yes,Yes,15.79,1.0157,No,6.7,No,Yes,No,No,No,Yes,Yes,Yes,Yes,No,java
Yes,Yes,Yes,No,20.05,1.0205,No,8.4,No,No,No,Yes,Yes,Yes,Yes,Yes,No,No,java
Yes,Yes,No,Yes,18.19,0.9916,Yes,0.1,No,Yes,Yes,Yes,No,Yes,Yes,Yes,Yes,No,java
Yes,Yes,Yes,Yes,10.75,0.9055,Yes,7.0,No,No,Yes,No,Yes,No,Yes,No,No,No,java
Yes,Yes,Yes,No,22.06,0.9485,Yes,2.9,No,Yes,No,Yes,Yes,No,Yes,Yes,Yes,No,java
Yes,Yes,Yes,Yes,23.09,0.9344,No,14.4,No,No,Yes,Yes,No,No,No,Yes,No,No,java
Yes,Yes,Yes,Yes,26.96,1.0974,No,10.9,No,Yes,Yes,Yes,No,No,No,No,Yes,No,java
Yes,Yes,No,Yes,12.88,0.9959,No,19.7,No,No,No,No,Yes,No,Yes,No,No,No,java
Yes,No,No,No,24.79,0.9685,No,14.4,No,No,Yes,No,Yes,Yes,Yes,Yes,Yes,No,java
Yes,No,Yes,Yes,17.35,0.9483,No,13.3,No,No,No,No,Yes,No,No,No,Yes,No,java
No,Yes,Yes,No,33.64,1.0671,No,19.0,No,Yes,Yes,Yes,Yes,No,Yes,No,No,No,java
Yes,Yes,Yes,No,15.55,1.0638,Yes,8.5,Yes,No,Yes,Yes,Yes,Yes,Yes,No,Yes,No,java
Yes,Yes,Yes,Yes,22.45,0.9377,Yes,18.2,No,No,No,Yes,Yes,No,Yes,Yes,Yes,No,java
Yes,Yes,No,Yes,14.95,1.0914,Yes,12.3,No,No,Yes,No,Yes,Yes,Yes,No,Yes,No,java
Yes,Yes,No,Yes,20.70,0.9882,No,10.9,No,Yes,No,Yes,Yes,Yes,Yes,Yes,Yes,Yes,java
Yes,Yes,Yes,No,17.28,0.9437,Yes,6.3,No,No,Yes,Yes,No,Yes,Yes,Yes,Yes,No,java
Yes,Yes,Yes,Yes,21.48,1.0682,Yes,12.1,No,No,Yes,No,Yes,Yes,Yes,No,Yes,No,java
No,Yes,Yes,Yes,18.97,1.1199,No,5.1,No,Yes,Yes,Yes,Yes,Yes,Yes,No,Yes,No,java
Yes,Yes,Yes,Yes,12.08,0.9955,No,13.6,No,No,Yes,No,Yes,No,No,No,No,Yes,java
Yes,No,Yes,Yes,15.19,1.0670,Yes,5.7,No,Yes,No,Yes,No,Yes,No,No,Yes,No,java
Yes,Yes,No,Yes,18.37,1.0805,Yes,5.1,No,Yes,Yes,Yes,Yes,Yes,Yes,No,Yes,No,java
Yes,No,Yes,Yes,28.93,0.9148,No,7.3,No,Yes,Yes,Yes,Yes,Yes,No,No,Yes,No,java
Yes,Yes,Yes,Yes,14.94,1.0080,No,12.6,No,No,Yes,Yes,No,No,Yes,Yes,No,Yes,java
Yes,Yes,No,Yes,23.70,0.9471,Yes,10.1,Yes,Yes,No,Yes,No,Yes,Yes,Yes,No,No,java
No,No,No,Yes,17.93,0.9113,Yes,9.4,No,No,Yes,Yes,No,No,No,Yes,No,No,java
Yes,No,Yes,Yes,26.78,1.0424,No,6.3,No,Yes,Yes,No,No,No,Yes,Yes,No,No,java
Yes,No,Yes,No,21.10,0.9446,Yes,10.7,No,Yes,No,Yes,Yes,No,Yes,No,Yes,No,java
No,Yes,Yes,No,19.35,0.9791,Yes,8.7,No,Yes,Yes,No,No,Yes,Yes,Yes,No,No,java
Yes,No,No,Yes,12.07,1.0419,Yes,7.3,No,No,No,No,No,Yes,Yes,No,Yes,Yes,java
Yes,Yes,Yes,Yes,17.67,0.9787,No,14.4,No,Yes,No,No,Yes,Yes,Yes,No,No,No,java
Yes,Yes,Yes,Yes,20.05,0.9777,Yes,3.1,No,Yes,Yes,Yes,Yes,No,Yes,No,No,No,java
Yes,Yes,Yes,No,17.96,1.0413,Yes,17.4,No,Yes,No,No,Yes,Yes,Yes,Yes,Yes,No,java
Yes,Yes,Yes,Yes,21.56,0.9129,Yes,12.4,No,No,Yes,No,Yes,Yes,No,No,No,No,java
No,Yes,No,Yes,18.31,0.9169,Yes,16.6,No,No,No,Yes,Yes,Yes,Yes,No,No,No,java
Yes,Yes,No,Yes,19.56,1.0704,Yes,10.1,No,Yes,Yes,No,Yes,No,Yes,No,No,No,java
Yes,No,No,Yes,19.24,0.9769,Yes,16.9,No,No,No,No,No,Yes,Yes,Yes,Yes,No,java
Yes,No,No,Yes,20.29,0.9091,No,18.9,No,No,No,Yes,No,Yes,No,No,No,No,java
Yes,No,No,No,11.40,1.0671,No,2.7,No,Yes,Yes,Yes,Yes,No,Yes,No,Yes,No,java
Yes,Yes,Yes,No,23.38,1.0490,Yes,16.3,No,Yes,No,No,Yes,Yes,Yes,No,No,No,java
Yes,No,Yes,No,14.80,1.0419,No,1.2,No,Yes,Yes,Yes,Yes,No,No,Yes,No,No,java
Yes,No,No,No,16.74,0.9848,Yes,16.4,No,No,No,No,Yes,Yes,No,No,No,Yes,java
Yes,No,No,Yes,17.60,0.9507,No,6.1,No,No,No,Yes,Yes,No,No,No,No,No,java
Yes,Yes,Yes,Yes,9.41,1.0025,Yes,9.2,Yes,No,No,Yes,Yes,No,Yes,No,No,No,java
Yes,Yes,Yes,Yes,17.58,0.9647,No,17.8,No,No,No,Yes,Yes,No,Yes,Yes,Yes,No,java
Yes,Yes,No,Yes,28.37,0.9796,No,19.9,No,No,Yes,No,No,No,Yes,No,Yes,No,java
Yes,No,Yes,Yes,19.59,0.9828,No,7.3,No,Yes,No,No,Yes,No,No,No,No,No,java
Yes,No,Yes,Yes,29.61,1.0601,Yes,4.1,No,No,No,No,No,Yes,Yes,No,No,No,java
Yes,Yes,Yes,Yes,16.05,1.0213,Yes,3.8,No,Yes,No,Yes,Yes,No,Yes,No,No,No,java
Yes,Yes,Yes,Yes,13.90,0.9887,Yes,2.7,No,No,No,No,No,No,Yes,No,No,No,java
Yes,No,Yes,Yes,21.48,1.0197,No,8.5,No,No,No,Yes,No,Yes,No,Yes,No,No,java
Yes,No,No,No,14.53,0.9634,Yes,6.0,No,Yes,Yes,No,Yes,Yes,Yes,Yes,No,No,java
Yes,Yes,Yes,No,16.49,1.0445,No,16.2,No,Yes,No,Yes,No,No,Yes,Yes,No,No,java
Yes,No,Yes,Yes,17.00,0.9955,Yes,12.6,No,No,No,No,Yes,No,Yes,No,No,No,java
Yes,Yes,Yes,Yes,25.10,1.0027,No,12.3,No,No,No,No,Yes,No,No,No,Yes,No,java
Yes,Yes,Yes,No,21.41,0.9957,No,14.8,No,Yes,Yes,Yes,Yes,No,Yes,Yes,Yes,No,java
Yes,No,Yes,No,24.30,1.0201,Yes,16.0,No,Yes,Yes,No,Yes,Yes,Yes,Yes,No,No,java
Yes,Yes,Yes,No,23.33,1.0622,No,13.0,No,No,Yes,Yes,Yes,Yes,Yes,No,No,No,java
No,Yes,Yes,Yes,20.97,0.9288,Yes,6.7,No,No,No,Yes,No,Yes,No,No,No,Yes,java
Yes,Yes,Yes,Yes,17.77,0.9953,Yes,5.6,No,No,Yes,No,No,No,No,Yes,Yes,No,java
Yes,No,No,No,20.29,1.0155,No,4.6,No,No,No,Yes,Yes,Yes,Yes,Yes,Yes,No,java
Yes,Yes,Yes,Yes,18.06,1.0372,Yes,10.0,No,Yes,No,No,Yes,Yes,No,No,No,Yes,java
Yes,No,Yes,Yes,19.07,0.9742,Yes,3.4,No,No,No,No,Yes,No,Yes,No,No,No,java
Yes,No,Yes,No,25.10,0.9689,No,7.0,No,Yes,No,No,No,Yes,Yes,No,Yes,No,java
Yes,Yes,No,Yes,18.59,0.9832,Yes,11.0,No,No,No,No,No,No,Yes,Yes,Yes,Yes,java
Yes,Yes,Yes,No,20.72,1.0666,Yes,10.5,No,Yes,Yes,No,No,Yes,Yes,No,Yes,No,java
Yes,Yes,Yes,No,20.40,0.9159,No,0.1,No,No,Yes,No,Yes,No,Yes,No,Yes,No,java
Yes,Yes,No,Yes,19.74,1.0341,Yes,17.8,No,No,No,Yes,Yes,Yes,No,No,Yes,No,java
Yes,No,Yes,Yes,26.38,1.0540,No,15.1,No,Yes,No,No,Yes,No,Yes,Yes,Yes,No,java
Yes,Yes,Yes,Yes,22.72,0.9319,Yes,0.4,No,No,Yes,Yes,Yes,Yes,No,No,No,Yes,java
Yes,Yes,No,Yes,18.50,0.9440,No,9.8,No,No,Yes,Yes,Yes,No,Yes,No,No,No,java
Yes,Yes,Yes,Yes,20.15,0.9686,Yes,0.6,No,Yes,No,Yes,Yes,Yes,Yes,No,No,No,java
Yes,Yes,Yes,No,21.65,1.0403,No,17.8,No,Yes,Yes,No,Yes,Yes,Yes,No,No,No,java
Yes,No,Yes,Yes,29.77,1.0745,No,3.5,No,No,No,No,Yes,Yes,No,Yes,Yes,No,java
Yes,Yes,Yes,No,17.38,1.0726,No,13.0,No,Yes,No,Yes,No,No,Yes,No,Yes,No,java
Yes,Yes,No,Yes,28.53,0.9809,No,15.3,Yes,Yes,Yes,No,No,Yes,Yes,Yes,No,Yes,java
No,No,Yes,Yes,24.61,0.9890,No,19.1,No,Yes,Yes,No,No,No,No,Yes,Yes,No,java
Yes,No,Yes,No,20.70,0.9312,Yes,17.0,No,Yes,Yes,No,Yes,No,Yes,No,No,No,java
Yes,No,Yes,No,23.77,1.0524,No,10.6,No,No,No,No,No,No,Yes,Yes,Yes,Yes,java
No,Yes,Yes,No,20.21,0.9703,Yes,5.0,No,No,Yes,No,No,Yes,No,No,Yes,No,java
Yes,Yes,Yes,Yes,22.77,0.9395,Yes,11.3,No,No,Yes,Yes,Yes,Yes,Yes,Yes,No,Yes,java
Yes,Yes,Yes,No,19.96,0.9637,Yes,18.5,No,Yes,No,Yes,Yes,No,Yes,Yes,Yes,No,java
Yes,No,No,Yes,20.27,0.9781,Yes,18.1,No,Yes,No,Yes,No,No,Yes,No,Yes,No,java
No,No,Yes,Yes,26.87,0.9661,Yes,10.8,No,Yes,No,No,No,No,Yes,No,No,No,java
No,Yes,Yes,No,19.66,0.9684,Yes,3.3,No,No,Yes,Yes,Yes,No,Yes,No,No,No,java
Yes,Yes,Yes,No,19.89,1.0163,Yes,5.3,Yes,Yes,No,Yes,Yes,Yes,Yes,No,Yes,No,java
Yes,No,Yes,No,22.34,0.9525,Yes,5.5,No,Yes,No,Yes,Yes,No,Yes,No,No,No,java
No,No,Yes,Yes,19.05,1.0233,No,11.1,Yes,Yes,Yes,Yes,Yes,No,No,Yes,Yes,Yes,java
Yes,Yes,No,Yes,6.31,1.0195,Yes,9.7,No,Yes,Yes,Yes,No,Yes,Yes,Yes,No,No,java
No,Yes,No,Yes,20.69,1.0845,Yes,3.5,No,No,No,No,Yes,No,Yes,No,Yes,No,java
Yes,Yes,Yes,No,21.15,0.9150,No,17.4,No,No,No,No,No,Yes,Yes,Yes,No,No,java
Yes,No,No,Yes,18.71,0.9563,No,16.9,Yes,No,Yes,Yes,No,No,No,No,No,No,java
Yes,Yes,Yes,No,17.56,1.0164,No,12.6,No,No,No,Yes,Yes,Yes,No,Yes,Yes,Yes,java
Yes,Yes,No,No,23.58,0.9989,Yes,15.7,No,Yes,Yes,Yes,Yes,No,No,No,No,No,java
Yes,Yes,Yes,Yes,28.35,1.0521,No,4.2,No,No,No,Yes,Yes,Yes,Yes,No,No,No,java
Yes,Yes,Yes,Yes,17.10,1.0186,Yes,1.6,No,Yes,No,Yes,No,Yes,No,No,No,No,java
Yes,Yes,No,Yes,19.10,1.0036,Yes,16.1,No,Yes,Yes,Yes,Yes,No,Yes,Yes,No,No,java
Yes,Yes,Yes,No,19.31,0.9950,Yes,15.8,No,Yes,No,Yes,Yes,No,Yes,Yes,No,No,java
Yes,Yes,Yes,Yes,20.77,0.9631,No,11.4,No,Yes,No,No,Yes,Yes,Yes,No,Yes,No,java
Yes,Yes,No,Yes,22.63,1.0673,No,6.4,No,No,Yes,Yes,Yes,Yes,Yes,Yes,Yes,No,java
No,No,Yes,Yes,19.58,1.0420,No,6.8,No,No,Yes,No,Yes,No,Yes,No,No,No,java
Yes,Yes,No,Yes,16.34,1.0503,No,19.6,No,Yes,Yes,Yes,No,No,Yes,Yes,No,No,java
Yes,No,Yes,No,19.92,1.0121,No,6.7,No,Yes,No,No,Yes,No,Yes,Yes,Yes,No,java
Yes,Yes,Yes,Yes,12.56,1.1356,No,14.9,No,No,No,No,No,Yes,Yes,Yes,Yes,No,java
Yes,Yes,Yes,Yes,33.76,0.9833,No,14.4,No,Yes,No,Yes,Yes,Yes,Yes,No,No,No,java
Yes,Yes,No,Yes,17.57,0.9918,No,4.1,No,No,No,Yes,No,No,No,No,Yes,No,java
No,No,Yes,Yes,27.87,0.9953,Yes,8.4,No,No,No,Yes,No,No,No,No,Yes,No,java
Yes,Yes,Yes,No,13.07,1.0060,No,18.9,No,Yes,Yes,Yes,Yes,No,Yes,No,Yes,No,java
Yes,No,No,Yes,22.23,1.0395,Yes,6.1,No,Yes,No,No,Yes,Yes,Yes,No,No,No,java
Yes,Yes,Yes,No,18.82,1.0227,No,16.1,No,Yes,No,No,Yes,No,Yes,Yes,No,No,java
Yes,No,Yes,No,17.98,0.9436,No,11.2,No,No,Yes,No,Yes,Yes,No,Yes,No,No,java
Yes,Yes,Yes,Yes,18.97,1.1101,No,1.8,No,Yes,Yes,Yes,Yes,Yes,No,Yes,No,No,java
Yes,Yes,Yes,Yes,20.75,0.9677,No,11.5,No,Yes,Yes,No,No,Yes,Yes,No,No,No,java
No,No,No,No,21.90,0.9661,Yes,15.6,No,No,No,Yes,Yes,Yes,No,No,No,No,java
Yes,Yes,Yes,Yes,21.67,0.9807,Yes,18.4,No,Yes,No,No,No,No,Yes,Yes,No,No,java
Yes,No,No,No,15.38,1.0220,No,3.3,No,No,No,No,Yes,Yes,Yes,Yes,No,Yes,java
Yes,No,Yes,Yes,23.35,0.8906,Yes,13.7,No,Yes,Yes,No,No,No,No,No,Yes,No,java
Yes,Yes,Yes,Yes,24.30,1.0435,No,9.6,No,No,No,Yes,No,No,Yes,Yes,Yes,No,java
Yes,No,Yes,No,11.30,0.9344,Yes,7.9,No,Yes,Yes,Yes,Yes,No,No,Yes,No,No,java
Yes,Yes,Yes,No,19.24,1.0528,No,1.8,No,No,Yes,No,No,Yes,Yes,No,Yes,Yes,java
Yes,Yes,Yes,Yes,19.89,1.1154,No,7.9,No,No,Yes,Yes,No,Yes,Yes,No,Yes,No,java
Yes,Yes,Yes,No,24.81,0.9649,No,2.0,No,Yes,Yes,Yes,No,Yes,No,No,Yes,No,java
Yes,No,Yes,No,14.98,1.0582,Yes,9.3,No,No,Yes,No,Yes,Yes,Yes,Yes,No,No,java
Yes,Yes,No,Yes,18.53,0.9936,Yes,1.8,No,Yes,Yes,Yes,Yes,No,Yes,Yes,No,No,java
Yes,No,No,No,8.43,0.9339,No,13.0,No,Yes,No,Yes,No,Yes,Yes,No,No,No,java
Yes,Yes,Yes,No,23.37,0.9714,Yes,10.5,No,No,Yes,Yes,Yes,Yes,No,Yes,Yes,No,java
Yes,No,No,Yes,28.66,1.1344,No,9.7,No,Yes,No,No,No,Yes,Yes,Yes,Yes,No,java
Yes,Yes,Yes,Yes,21.22,0.9747,No,9.2,No,Yes,Yes,No,Yes,Yes,Yes,No,Yes,No,java
Yes,Yes,Yes,No,29.46,0.9592,Yes,17.0,No,No,No,No,No,Yes,No,No,Yes,Yes,java
Yes,Yes,Yes,Yes,26.16,0.9827,Yes,17.7,No,No,No,No,Yes,No,Yes,No,No,No,java
Yes,No,No,No,19.78,0.9866,No,18.9,No,No,Yes,No,Yes,Yes,Yes,Yes,No,No,java
Yes,No,No,No,15.00,0.9303,No,6.6,No,Yes,Yes,Yes,Yes,Yes,No,No,No,No,java
Yes,Yes,No,Yes,17.24,0.9561,No,15.1,No,No,Yes,No,Yes,Yes,Yes,Yes,Yes,No,java
Yes,Yes,Yes,No,26.51,0.9943,Yes,7.9,Yes,No,No,No,Yes,No,No,No,Yes,No,java
Yes,Yes,No,No,17.02,0.9987,Yes,3.7,Yes,Yes,No,Yes,Yes,Yes,Yes,Yes,Yes,No,java
Yes,Yes,Yes,Yes,15.41,1.0656,Yes,1.3,No,Yes,No,Yes,Yes,No,Yes,No,Yes,No,java
Yes,Yes,No,No,22.03,0.9342,Yes,5.1,No,No,No,No,Yes,Yes,Yes,No,No,No,java
No,Yes,Yes,No,16.45,0.9902,No,16.9,No,No,Yes,Yes,Yes,No,Yes,No,Yes,No,java
No,Yes,Yes,No,26.79,1.0979,No,17.2,No,No,No,Yes,Yes,Yes,Yes,No,No,No,java
Yes,Yes,No,Yes,20.09,1.0015,No,16.7,No,Yes,Yes,No,Yes,Yes,No,No,No,No,java
Yes,Yes,Yes,No,21.20,0.9882,No,15.4,No,No,No,No,Yes,No,Yes,No,No,No,java
Yes,No,Yes,Yes,22.85,1.0708,Yes,3.3,No,Yes,Yes,No,Yes,Yes,Yes,No,No,No,java
No,Yes,Yes,No,22.49,1.0126,Yes,6.7,No,No,No,Yes,Yes,No,Yes,No,Yes,Yes,java
No,Yes,Yes,Yes,19.70,0.9353,No,4.4,No,Yes,No,Yes,Yes,Yes,Yes,No,Yes,No,java
Yes,Yes,No,No,28.47,1.0255,No,16.8,No,No,Yes,No,Yes,No,Yes,Yes,No,No,java
Yes,Yes,Yes,Yes,19.75,1.1066,No,16.3,No,Yes,Yes,Yes,Yes,Yes,Yes,No,Yes,Yes,java
No,Yes,Yes,Yes,14.70,0.9524,Yes,18.8,No,No,Yes,Yes,Yes,No,No,No,No,No,java
Yes,No,Yes,Yes,11.91,1.0714,No,11.1,No,Yes,No,Yes,Yes,No,Yes,Yes,No,No,java
Yes,No,Yes,Yes,29.64,1.0563,Yes,15.4,No,Yes,Yes,Yes,No,No,Yes,No,Yes,No,java
Yes,Yes,No,Yes,22.44,0.8792,Yes,5.4,No,Yes,Yes,No,No,Yes,No,Yes,Yes,No,java
Yes,Yes,Yes,Yes,19.45,0.9865,Yes,10.7,No,Yes,No,No,No,Yes,No,No,No,No,java
No,No,Yes,No,14.20,0.8641,No,11.9,No,No,No,No,No,No,No,Yes,Yes,No,java
Yes,No,Yes,Yes,25.30,1.0198,No,5.7,No,Yes,Yes,No,Yes,Yes,No,No,No,Yes,java
Yes,Yes,Yes,No,22.81,1.0465,No,19.2,No,Yes,No,No,Yes,No,Yes,No,Yes,No,java
No,No,Yes,Yes,17.26,1.0112,Yes,16.3,No,No,Yes,No,No,No,Yes,No,No,Yes,java
Yes,Yes,Yes,Yes,27.26,1.0743,No,1.9,No,Yes,Yes,No,Yes,Yes,Yes,Yes,Yes,No,java
No,Yes,No,No,27.91,0.9431,Yes,18.3,No,Yes,No,Yes,Yes,No,No,No,Yes,No,java
Yes,Yes,Yes,Yes,14.35,1.0299,Yes,4.7,No,No,Yes,No,Yes,No,Yes,No,No,No,java
Yes,Yes,Yes,No,21.15,0.9874,Yes,13.1,No,No,Yes,Yes,No,No,No,Yes,Yes,No,java
Yes,Yes,Yes,Yes,16.45,1.0237,Yes,2.6,No,Yes,Yes,No,No,No,Yes,Yes,No,No,java
Yes,Yes,No,No,13.03,0.9744,No,5.6,Yes,Yes,No,No,Yes,No,Yes,No,Yes,No,java
Yes,No,Yes,Yes,21.14,1.0156,No,16.2,No,No,No,Yes,Yes,Yes,Yes,No,No,No,java
Yes,No,Yes,No,18.40,1.0377,No,2.9,No,No,Yes,Yes,Yes,Yes,Yes,No,No,No,java
Yes,No,Yes,Yes,32.79,0.9687,No,19.3,No,Yes,No,Yes,Yes,No,Yes,No,Yes,Yes,java
Yes,Yes,Yes,No,8.27,0.9664,Yes,11.6,No,No,Yes,Yes,Yes,Yes,No,No,Yes,No,java
No,Yes,Yes,Yes,27.25,0.9540,Yes,11.7,No,Yes,Yes,Yes,Yes,No,No,No,No,No,java
Yes,Yes,No,Yes,15.02,1.0578,No,15.5,No,No,No,No,Yes,Yes,Yes,Yes,No,No,java
Yes,Yes,Yes,Yes,16.88,1.0275,No,11.4,No,No,No,Yes,Yes,Yes,Yes,Yes,Yes,No,java
Yes,Yes,Yes,Yes,25.94,0.9917,Yes,0.9,No,No,Yes,Yes,No,No,Yes,Yes,Yes,No,java
No,Yes,Yes,Yes,21.64,0.9502,Yes,13.2,No,No,Yes,Yes,Yes,No,Yes,No,No,No,java
Yes,No,Yes,Yes,18.37,0.9726,Yes,2.1,No,No,Yes,Yes,No,Yes,Yes,No,Yes,No,java
Yes,Yes,Yes,Yes,20.69,1.0250,Yes,19.0,No,Yes,Yes,No,Yes,No,No,No,Yes,No,java
Yes,Yes,No,Yes,15.26,1.0765,No,15.6,No,No,Yes,No,Yes,No,Yes,No,Yes,No,java
No,No,No,No,20.11,0.9432,Yes,1.8,No,Yes,No,Yes,Yes,No,Yes,No,Yes,No,java
Yes,Yes,Yes,Yes,19.21,1.0166,No,18.0,No,No,No,Yes,Yes,No,Yes,No,Yes,No,java
No,Yes,No,No,19.57,1.0697,Yes,4.4,No,Yes,Yes,No,Yes,Yes,Yes,No,No,No,java
Yes,Yes,Yes,Yes,12.20,0.9484,No,8.4,No,No,No,No,Yes,Yes,Yes,No,No,No,java
Yes,No,No,No,18.17,0.9368,Yes,13.2,No,No,Yes,Yes,No,Yes,No,No,Yes,No,java
Yes,Yes,Yes,No,16.52,1.0505,Yes,8.4,No,No,Yes,No,Yes,No,No,Yes,Yes,No,java
Yes,No,No,No,20.57,1.0053,Yes,9.2,No,No,No,Yes,Yes,Yes,Yes,No,No,No,java
Yes,No,No,Yes,19.66,0.9971,No,4.6,No,No,No,Yes,Yes,No,Yes,No,Yes,No,java
No,Yes,No,Yes,18.24,0.9950,No,15.0,No,Yes,No,No,Yes,Yes,Yes,No,No,No,java
Yes,Yes,Yes,No,26.50,1.0108,No,4.9,No,No,Yes,Yes,Yes,Yes,Yes,Yes,Yes,No,java
Yes,Yes,No,Yes,25.16,1.0515,Yes,7.0,No,No,No,Yes,No,No,Yes,No,Yes,Yes,java
Yes,No,Yes,Yes,18.44,1.1007,Yes,7.6,No,No,No,No,Yes,Yes,Yes,No,No,No,java
Yes,No,Yes,Yes,25.68,1.0667,Yes,5.9,No,Yes,No,Yes,No,Yes,Yes,No,Yes,No,java
Yes,Yes,Yes,Yes,13.04,0.9290,No,2.4,No,No,No,No,Yes,Yes,No,Yes,No,No,java
No,Yes,Yes,Yes,13.47,1.0790,No,3.8,No,No,Yes,Yes,Yes,No,Yes,Yes,No,No,java
Yes,Yes,No,Yes,18.21,0.9927,Yes,2.6,No,Yes,Yes,No,Yes,Yes,Yes,No,Yes,No,java
No,Yes,No,Yes,12.78,0.9789,Yes,8.8,No,Yes,Yes,No,Yes,Yes,Yes,No,Yes,No,java
Yes,No,Yes,Yes,15.26,0.9734,Yes,15.4,No,Yes,No,No,Yes,No,No,Yes,Yes,No,java
Yes,Yes,No,No,25.97,1.0722,Yes,4.7,No,No,No,Yes,Yes,Yes,No,Yes,Yes,No,python
Yes,Yes,No,Yes,15.50,0.9573,No,7.4,No,Yes,No,Yes,Yes,Yes,No,No,Yes,No,python
Yes,Yes,Yes,Yes,20.46,0.9360,No,9.4,No,No,No,Yes,No,Yes,No,No,No,No,python
Yes,Yes,Yes,No,21.28,1.0066,Yes,5.8,No,Yes,No,Yes,Yes,Yes,Yes,Yes,Yes,No,python
Yes,No,No,Yes,12.60,0.9355,No,4.2,No,Yes,No,Yes,Yes,No,No,No,Yes,No,python
Yes,No,Yes,No,16.02,1.1139,No,2.0,No,No,No,Yes,Yes,No,Yes,Yes,Yes,No,python
Yes,Yes,Yes,Yes,15.67,0.9969,Yes,13.1,No,Yes,No,No,Yes,Yes,Yes,No,No,No,python
No,Yes,Yes,Yes,21.34,1.0621,No,14.4,No,No,Yes,Yes,Yes,Yes,Yes,No,Yes,No,python
Yes,No,Yes,No,22.16,1.0138,No,7.9,No,No,No,Yes,Yes,No,Yes,No,No,No,python
Yes,Yes,Yes,No,14.90,0.9005,No,13.0,No,No,No,Yes,Yes,Yes,No,No,Yes,No,python
No,Yes,No,Yes,14.56,1.0303,Yes,3.8,No,Yes,No,Yes,Yes,No,Yes,No,Yes,No,python
Yes,No,Yes,Yes,10.21,0.9820,Yes,2.4,No,Yes,No,Yes,No,No,No,Yes,No,No,python
Yes,Yes,No,No,25.83,0.9211,Yes,6.6,No,No,No,Yes,Yes,No,No,Yes,Yes,No,python
No,No,Yes,No,19.38,0.9857,Yes,1.8,No,Yes,No,No,Yes,No,Yes,No,Yes,No,python
Yes,No,Yes,No,21.96,1.0281,No,3.7,No,No,No,No,Yes,No,Yes,No,No,No,python
Yes,No,No,No,30.00,1.0477,Yes,5.5,No,Yes,No,No,No,Yes,No,No,Yes,No,python
Yes,Yes,Yes,Yes,20.64,1.0755,No,11.5,No,No,No,Yes,No,No,Yes,Yes,Yes,No,python
Yes,No,Yes,Yes,16.63,1.0232,No,4.6,No,No,Yes,No,Yes,No,Yes,No,No,No,python
Yes,Yes,Yes,Yes,20.73,0.9682,No,5.6,No,Yes,No,Yes,Yes,Yes,Yes,No,Yes,No,python
Yes,No,Yes,No,21.46,0.9783,Yes,6.9,Yes,No,No,No,Yes,No,No,Yes,Yes,No,python
Yes,Yes,Yes,Yes,22.25,0.9619,Yes,9.5,No,No,Yes,No,No,Yes,Yes,Yes,Yes,No,python
Yes,No,No,No,19.85,1.0418,Yes,4.7,No,Yes,No,Yes,Yes,No,Yes,No,Yes,No,python
Yes,No,Yes,No,26.21,1.0227,Yes,7.3,No,Yes,No,Yes,No,Yes,No,No,Yes,No,python
Yes,Yes,Yes,No,18.95,0.9536,Yes,7.4,No,No,No,Yes,Yes,No,Yes,No,Yes,Yes,python
Yes,No,No,No,18.08,1.0043,Yes,10.0,No,Yes,No,No,Yes,Yes,Yes,No,Yes,No,python
Yes,Yes,Yes,No,21.77,1.0402,No,11.8,No,No,Yes,Yes,Yes,No,Yes,No,No,No,python
Yes,Yes,Yes,No,15.38,1.0257,Yes,7.3,No,No,No,Yes,Yes,No,Yes,No,Yes,No,python
Yes,Yes,Yes,Yes,16.64,1.1006,No,0.8,No,No,No,Yes,Yes,No,Yes,No,Yes,No,python
Yes,No,Yes,Yes,23.06,0.9870,Yes,8.4,No,No,No,No,No,No,No,No,Yes,No,python
Yes,No,No,Yes,24.18,1.0607,No,12.2,No,No,Yes,Yes,Yes,No,No,No,No,No,python
Yes,Yes,No,No,29.01,0.9958,Yes,1.7,No,No,No,Yes,Yes,Yes,Yes,No,Yes,No,python
Yes,No,Yes,Yes,17.91,0.9871,No,11.0,No,No,Yes,Yes,Yes,Yes,Yes,No,Yes,No,python
Yes,No,No,Yes,18.44,0.9260,No,6.9,No,No,No,Yes,Yes,Yes,Yes,No,No,No,python
Yes,Yes,Yes,Yes,17.73,0.9840,No,10.7,No,No,No,No,Yes,Yes,No,No,Yes,Yes,python
Yes,Yes,Yes,No,19.90,1.0541,No,9.3,Yes,No,No,No,Yes,Yes,Yes,No,No,No,python
Yes,No,Yes,Yes,23.50,0.9760,No,11.3,Yes,Yes,No,Yes,Yes,Yes,No,No,Yes,No,python
Yes,Yes,Yes,No,15.46,0.9811,Yes,12.0,No,Yes,No,Yes,No,Yes,Yes,No,Yes,No,python
Yes,No,Yes,No,10.82,1.0454,Yes,2.6,No,No,No,No,Yes,No,Yes,Yes,Yes,No,python
No,Yes,Yes,Yes,17.86,1.0597,Yes,7.5,No,No,No,Yes,Yes,No,Yes,No,Yes,Yes,python
Yes,Yes,Yes,No,14.18,0.9277,No,5.2,No,No,No,Yes,No,Yes,Yes,No,No,No,python
Yes,No,Yes,Yes,20.26,1.0215,No,6.9,Yes,No,Yes,Yes,No,Yes,Yes,Yes,Yes,No,python
Yes,No,Yes,Yes,17.41,1.0402,No,11.3,No,No,No,Yes,No,No,Yes,Yes,Yes,No,python
Yes,Yes,Yes,No,14.28,1.0165,No,2.1,No,No,No,Yes,Yes,Yes,Yes,No,Yes,No,python
No,Yes,Yes,No,16.09,1.0222,No,8.0,No,Yes,Yes,Yes,Yes,Yes,No,Yes,Yes,No,python
Yes,Yes,Yes,No,17.13,1.0248,No,14.9,No,No,No,No,Yes,No,No,Yes,Yes,No,python
Yes,No,No,Yes,26.16,0.9594,Yes,14.7,No,Yes,No,Yes,No,Yes,Yes,No,Yes,No,python
Yes,Yes,Yes,No,16.48,1.0299,Yes,8.2,No,No,No,No,No,Yes,Yes,No,Yes,No,python
Yes,No,Yes,No,8.81,1.0072,No,6.2,No,No,No,No,Yes,No,Yes,No,Yes,No,python
Yes,No,Yes,No,15.11,0.9543,Yes,0.0,Yes,No,No,Yes,Yes,Yes,Yes,No,No,No,python
Yes,No,Yes,No,16.92,1.0232,No,11.5,No,No,No,No,No,No,Yes,No,Yes,No,python
No,No,No,No,11.87,1.0089,No,8.4,No,Yes,Yes,No,Yes,Yes,Yes,No,Yes,No,python
Yes,Yes,No,No,15.48,1.1466,Yes,12.6,No,Yes,Yes,Yes,No,Yes,Yes,Yes,Yes,No,python
No,Yes,No,Yes,22.12,1.0404,No,2.8,Yes,No,No,Yes,No,No,Yes,No,Yes,No,python
Yes,No,Yes,Yes,22.81,1.1116,Yes,5.6,No,Yes,No,Yes,Yes,No,Yes,No,Yes,No,python
Yes,No,No,Yes,11.51,1.0156,No,13.4,No,No,Yes,Yes,Yes,Yes,No,No,Yes,No,python
Yes,No,No,Yes,24.79,1.0001,No,5.3,No,No,No,Yes,Yes,Yes,Yes,No,Yes,No,python
Yes,No,Yes,Yes,21.40,0.9938,No,3.2,No,No,No,Yes,No,No,Yes,No,Yes,No,python
Yes,Yes,No,No,16.84,1.0355,Yes,3.8,No,No,No,Yes,No,No,Yes,No,Yes,No,python
No,Yes,Yes,No,26.26,0.9986,No,13.1,No,Yes,No,Yes,Yes,Yes,No,Yes,Yes,No,python
Yes,No,Yes,Yes,11.50,0.9549,Yes,13.4,No,No,No,Yes,No,Yes,Yes,Yes,No,No,python
Yes,Yes,Yes,Yes,13.15,1.0254,Yes,7.3,No,No,No,No,No,Yes,Yes,No,Yes,Yes,python
Yes,No,Yes,No,7.09,1.0176,Yes,10.4,No,Yes,No,Yes,Yes,No,No,No,Yes,Yes,python
Yes,No,No,Yes,14.69,0.9693,No,10.1,No,Yes,Yes,Yes,Yes,No,Yes,No,No,No,python
Yes,Yes,Yes,No,24.16,0.9797,Yes,0.6,No,No,No,No,Yes,Yes,Yes,No,Yes,Yes,python
Yes,Yes,No,No,23.74,0.9031,Yes,3.1,No,No,Yes,No,No,No,Yes,No,Yes,No,python
Yes,Yes,Yes,No,15.07,1.0913,No,4.0,No,No,No,Yes,Yes,Yes,Yes,No,Yes,No,python
Yes,No,No,No,8.03,0.9080,Yes,13.7,No,Yes,No,Yes,No,Yes,Yes,No,Yes,No,python
Yes,No,Yes,No,24.88,1.0035,Yes,12.4,No,Yes,No,No,No,Yes,Yes,No,Yes,No,python
Yes,Yes,Yes,No,27.19,0.9876,No,11.4,Yes,No,No,Yes,No,No,No,No,Yes,No,python
Yes,No,No,Yes,23.93,1.0512,Yes,14.6,No,No,Yes,Yes,Yes,No,No,No,No,No,python
No,No,Yes,Yes,26.47,0.9992,Yes,13.7,No,No,No,Yes,No,No,No,No,No,No,python
Yes,No,Yes,No,15.68,1.0350,Yes,6.4,No,No,No,Yes,No,No,Yes,No,Yes,No,python
Yes,Yes,Yes,Yes,18.81,1.0167,Yes,10.2,No,Yes,No,Yes,Yes,No,Yes,Yes,Yes,No,python
Yes,Yes,No,No,11.19,0.9986,No,1.2,No,No,Yes,No,Yes,No,Yes,No,No,No,python
Yes,Yes,Yes,No,26.91,1.0105,No,1.7,No,Yes,Yes,Yes,No,Yes,Yes,Yes,No,No,python
Yes,No,Yes,No,16.47,0.9375,No,7.6,No,No,Yes,Yes,Yes,Yes,Yes,No,Yes,No,python
No,No,Yes,No,17.89,0.9469,No,1.6,No,Yes,No,Yes,No,No,No,No,Yes,No,python
Yes,No,Yes,Yes,18.91,1.0766,No,7.9,Yes,No,No,No,Yes,No,Yes,No,Yes,No,python
Yes,Yes,Yes,No,20.06,0.8916,No,1.3,No,Yes,No,No,No,Yes,Yes,No,Yes,No,python
Yes,Yes,No,Yes,30.73,0.9776,No,0.1,No,No,No,No,Yes,No,Yes,Yes,No,No,python
Yes,No,No,Yes,20.45,0.9851,No,1.4,No,No,No,Yes,Yes,No,No,No,Yes,No,python
Yes,No,Yes,No,23.44,0.9594,No,5.4,Yes,Yes,No,Yes,Yes,No,Yes,Yes,Yes,No,python
Yes,No,No,Yes,19.86,1.0010,No,2.6,No,No,No,No,Yes,Yes,Yes,No,Yes,No,python
No,Yes,Yes,Yes,26.11,0.9960,Yes,14.5,No,Yes,No,No,Yes,No,No,No,No,No,python
Yes,No,Yes,No,25.98,0.9567,Yes,12.4,Yes,Yes,No,Yes,Yes,Yes,No,No,Yes,No,python
Yes,No,No,No,17.62,1.0322,No,1.8,No,Yes,No,No,Yes,Yes,Yes,No,Yes,No,python
Yes,No,Yes,No,21.89,0.9440,No,2.1,No,Yes,No,No,Yes,No,Yes,Yes,Yes,No,python
Yes,No,No,No,14.33,0.9814,Yes,6.3,Yes,Yes,No,Yes,Yes,No,Yes,No,Yes,No,python
Yes,Yes,Yes,No,27.96,1.0408,Yes,4.8,No,No,No,Yes,Yes,Yes,No,No,Yes,No,python
Yes,Yes,No,No,14.70,0.9740,Yes,13.4,No,No,No,Yes,Yes,No,No,No,Yes,No,python
Yes,Yes,No,No,19.28,1.0465,No,6.2,No,No,No,No,No,Yes,Yes,No,No,No,python
Yes,No,Yes,No,18.29,0.9988,No,2.7,No,No,No,No,No,Yes,Yes,No,No,No,python
Yes,Yes,Yes,Yes,13.61,1.0425,No,2.2,No,No,Yes,No,No,Yes,No,No,Yes,No,python
Yes,Yes,Yes,No,21.16,0.9597,No,6.4,No,No,Yes,No,No,Yes,Yes,Yes,Yes,No,python
Yes,No,Yes,No,12.29,1.0919,Yes,11.5,No,No,No,No,Yes,Yes,Yes,No,No,No,python
Yes,Yes,Yes,Yes,12.08,0.9886,No,2.8,No,Yes,No,No,Yes,No,Yes,No,Yes,No,python
Yes,No,Yes,Yes,25.11,1.0303,No,10.4,No,Yes,Yes,Yes,No,Yes,Yes,Yes,No,No,python
Yes,No,Yes,No,16.80,0.9531,No,11.4,No,No,No,Yes,Yes,Yes,Yes,No,Yes,No,python
Yes,Yes,Yes,No,26.04,1.0534,Yes,4.8,No,Yes,No,No,No,Yes,No,Yes,Yes,No,python
Yes,No,Yes,No,24.45,1.0323,Yes,1.1,Yes,No,No,Yes,Yes,Yes,No,Yes,No,No,python
Yes,No,Yes,No,24.42,0.9884,Yes,1.1,No,No,No,Yes,Yes,No,Yes,No,Yes,No,python
Yes,Yes,No,No,14.50,1.0046,No,3.0,No,Yes,No,No,Yes,Yes,Yes,No,Yes,No,python
Yes,No,Yes,No,18.41,1.0773,No,7.3,No,No,No,Yes,Yes,No,Yes,No,No,No,python
Yes,Yes,No,Yes,20.28,1.0685,No,3.3,No,Yes,Yes,Yes,No,Yes,Yes,No,No,No,python
Yes,Yes,No,Yes,19.92,0.9941,No,4.6,No,Yes,Yes,No,No,Yes,No,No,Yes,No,python
Yes,Yes,Yes,No,11.91,1.0305,No,6.6,Yes,Yes,No,No,Yes,Yes,Yes,No,Yes,No,python
Yes,No,Yes,No,21.43,1.0195,No,11.7,No,Yes,No,No,Yes,Yes,Yes,No,Yes,Yes,python
Yes,Yes,Yes,No,17.64,0.9412,Yes,6.1,No,Yes,No,No,Yes,No,No,No,Yes,No,python
No,Yes,Yes,No,11.65,0.9623,Yes,0.8,No,Yes,No,Yes,No,Yes,Yes,No,Yes,No,python
Yes,No,Yes,Yes,19.52,0.9077,No,7.6,No,No,Yes,Yes,Yes,No,No,Yes,Yes,No,python
Yes,Yes,Yes,Yes,14.98,1.1017,No,14.6,No,Yes,No,Yes,No,Yes,No,No,Yes,No,python
Yes,No,Yes,Yes,22.24,0.8684,Yes,13.3,No,No,No,No,Yes,Yes,Yes,No,Yes,No,python
Yes,Yes,Yes,No,24.11,0.9942,No,6.1,Yes,Yes,No,Yes,Yes,Yes,Yes,No,No,No,python
Yes,No,Yes,Yes,15.23,0.9270,No,10.8,No,Yes,No,Yes,No,No,No,No,Yes,No,python
Yes,Yes,Yes,Yes,17.03,0.9469,No,2.3,No,No,No,No,No,Yes,No,No,Yes,No,python
Yes,No,No,Yes,19.63,1.0122,No,5.1,No,Yes,No,No,Yes,Yes,Yes,No,Yes,No,python
Yes,No,No,No,18.41,0.9898,Yes,12.0,Yes,Yes,No,No,No,No,Yes,No,No,No,python
Yes,Yes,No,No,18.49,0.9534,No,10.3,No,No,Yes,Yes,Yes,No,No,No,No,No,python
Yes,No,No,No,27.77,1.0008,Yes,6.1,No,No,No,No,Yes,Yes,No,No,Yes,No,python
Yes,No,Yes,No,17.67,0.9761,No,0.9,No,Yes,No,Yes,No,Yes,Yes,No,Yes,Yes,python
Yes,No,Yes,No,17.96,1.0071,Yes,13.5,No,Yes,No,Yes,Yes,No,Yes,Yes,Yes,No,python
Yes,No,Yes,No,20.55,0.9154,No,13.9,No,Yes,No,No,Yes,Yes,Yes,Yes,Yes,No,python
Yes,No,No,No,24.08,1.0428,Yes,13.9,No,No,No,No,Yes,Yes,Yes,No,Yes,Yes,python
Yes,Yes,Yes,No,22.02,1.0639,Yes,10.2,No,Yes,No,No,No,No,Yes,No,No,Yes,python
No,No,Yes,No,23.35,0.9626,No,11.9,No,No,No,Yes,Yes,No,Yes,No,No,No,python
Yes,Yes,Yes,No,21.28,0.9588,Yes,4.7,Yes,Yes,No,Yes,No,No,No,No,Yes,No,python
Yes,No,Yes,No,36.00,1.0219,Yes,1.7,No,No,No,Yes,Yes,Yes,Yes,No,Yes,No,python
Yes,No,No,No,18.51,1.0438,Yes,13.8,No,No,No,Yes,No,No,Yes,No,No,Yes,python
Yes,Yes,Yes,No,12.29,1.0652,Yes,4.5,No,No,No,Yes,No,Yes,Yes,No,Yes,No,python
Yes,Yes,No,Yes,9.96,0.9606,No,9.0,No,Yes,No,Yes,Yes,No,Yes,No,Yes,No,python
Yes,No,Yes,Yes,8.92,1.0976,Yes,11.2,No,No,No,Yes,No,Yes,No,No,Yes,No,python
Yes,Yes,Yes,Yes,18.32,0.9756,No,6.8,No,No,No,Yes,Yes,No,Yes,No,Yes,No,python
Yes,Yes,Yes,No,16.07,1.0113,No,4.4,Yes,No,No,Yes,Yes,Yes,No,No,Yes,No,python
Yes,Yes,Yes,No,22.41,0.9340,No,3.7,No,No,No,Yes,Yes,Yes,No,No,Yes,No,python
Yes,No,Yes,No,16.24,1.0000,Yes,11.8,Yes,No,No,Yes,Yes,No,Yes,No,No,No,python
No,Yes,No,No,26.54,0.9828,No,4.2,No,No,No,Yes,No,No,Yes,No,Yes,No,python
Yes,No,Yes,No,14.38,1.0013,No,4.7,No,Yes,No,No,Yes,No,Yes,No,Yes,No,python
Yes,Yes,No,No,21.00,1.0635,No,5.7,No,No,No,No,Yes,No,Yes,No,Yes,No,python
Yes,No,Yes,No,14.16,0.9825,No,3.5,No,No,No,No,Yes,No,Yes,No,Yes,No,python
No,No,Yes,Yes,19.51,0.9920,No,3.3,No,No,No,No,Yes,Yes,Yes,No,Yes,No,python
Yes,Yes,No,No,24.04,1.0064,No,10.6,No,No,No,Yes,Yes,Yes,No,No,No,No,python
Yes,No,Yes,No,18.33,0.9339,No,10.9,No,No,No,Yes,Yes,Yes,Yes,No,Yes,No,python
Yes,Yes,No,No,23.97,1.0356,No,4.4,Yes,No,No,Yes,Yes,No,Yes,No,Yes,No,python
Yes,Yes,Yes,Yes,28.01,1.1415,No,4.2,No,No,No,No,Yes,No,No,Yes,Yes,No,python
Yes,No,Yes,Yes,19.56,0.9772,No,10.9,No,No,No,No,Yes,No,No,No,Yes,No,python
No,Yes,Yes,Yes,15.51,0.9975,No,11.8,No,No,No,No,Yes,No,Yes,No,Yes,No,python
Yes,No,Yes,No,20.28,1.0237,No,6.8,No,Yes,No,No,No,Yes,Yes,Yes,Yes,Yes,python
Yes,No,No,No,18.55,0.9037,Yes,10.8,No,Yes,No,Yes,No,Yes,Yes,Yes,No,No,python
No,No,Yes,No,20.20,0.9367,No,4.1,No,No,Yes,Yes,No,No,Yes,No,Yes,No,python
Yes,Yes,No,Yes,18.21,1.0310,No,3.2,Yes,Yes,Yes,Yes,No,Yes,Yes,Yes,No,No,python
Yes,Yes,No,No,20.40,0.9982,No,12.6,No,Yes,No,No,Yes,No,Yes,No,Yes,No,python
Yes,No,No,Yes,20.67,0.9790,Yes,4.0,Yes,Yes,No,Yes,No,No,No,No,No,No,python
Yes,No,No,Yes,26.18,0.9718,Yes,6.5,No,No,No,No,Yes,Yes,Yes,No,Yes,No,python
No,No,No,No,24.00,1.0057,Yes,10.4,No,No,No,No,No,No,Yes,No,Yes,No,python
Yes,No,Yes,No,19.10,1.0536,Yes,11.5,No,No,No,Yes,Yes,Yes,Yes,No,Yes,No,python
Yes,No,Yes,No,21.96,0.8703,Yes,3.0,No,No,No,Yes,Yes,No,Yes,No,Yes,No,python
Yes,No,Yes,No,19.59,0.9921,No,8.0,No,Yes,Yes,No,Yes,No,Yes,No,No,No,python
Yes,No,Yes,Yes,22.22,0.8843,Yes,11.6,No,Yes,No,Yes,No,No,No,No,No,No,python
Yes,Yes,Yes,Yes,15.90,1.0043,Yes,10.9,No,No,No,Yes,Yes,No,No,No,Yes,No,python
Yes,No,Yes,Yes,18.11,0.9667,No,12.3,No,No,No,No,Yes,No,Yes,No,Yes,No,python
Yes,Yes,Yes,Yes,16.87,0.9923,No,13.0,No,Yes,Yes,Yes,Yes,No,Yes,No,Yes,No,python
No,No,Yes,Yes,26.30,1.0011,Yes,11.9,No,No,No,Yes,Yes,No,Yes,No,Yes,No,python
Yes,Yes,No,Yes,18.27,0.9904,Yes,14.9,No,No,No,No,Yes,Yes,No,No,No,No,python
Yes,Yes,Yes,No,21.24,0.9709,No,7.4,No,No,No,No,No,Yes,Yes,No,No,No,python
Yes,No,Yes,No,15.01,1.0711,No,1.6,No,No,No,No,Yes,Yes,Yes,No,Yes,No,python
No,No,No,No,27.91,0.8852,Yes,3.4,Yes,Yes,No,No,No,Yes,Yes,Yes,No,No,python
Yes,No,Yes,No,15.60,0.9287,Yes,4.9,No,No,No,No,No,No,No,No,Yes,No,python
Yes,Yes,No,No,14.81,0.9592,No,4.3,No,No,No,No,Yes,No,No,No,Yes,No,python
Yes,No,Yes,No,21.17,1.0068,Yes,2.9,No,Yes,No,Yes,Yes,No,Yes,No,Yes,No,python
Yes,No,Yes,Yes,18.14,1.0138,No,5.0,No,No,No,Yes,No,No,Yes,No,Yes,No,python
Yes,Yes,No,No,25.04,0.9430,No,10.7,No,No,No,No,Yes,Yes,Yes,No,Yes,No,python
Yes,No,Yes,No,14.30,0.9972,No,0.8,No,Yes,No,Yes,Yes,No,Yes,No,Yes,No,python
Yes,Yes,Yes,Yes,21.86,1.0403,No,1.9,No,Yes,No,No,No,No,Yes,Yes,Yes,No,python
Yes,Yes,No,No,16.52,1.0025,Yes,13.2,No,No,No,Yes,Yes,Yes,Yes,No,No,No,python
Yes,Yes,No,No,20.18,0.9923,No,8.8,No,No,Yes,Yes,Yes,Yes,Yes,No,Yes,No,python
Yes,Yes,No,No,28.58,0.9552,No,3.1,No,No,No,No,Yes,Yes,Yes,No,Yes,No,python
Yes,No,Yes,Yes,21.69,0.9722,Yes,3.8,Yes,Yes,No,Yes,Yes,No,Yes,Yes,Yes,No,python
Yes,Yes,Yes,No,15.27,1.0402,Yes,13.8,No,Yes,No,Yes,No,No,Yes,No,Yes,No,python
Yes,No,Yes,Yes,20.16,1.0258,Yes,12.9,No,No,No,No,Yes,Yes,Yes,No,Yes,No,python
Yes,Yes,No,Yes,11.66,0.9468,Yes,12.6,No,No,No,Yes,Yes,No,Yes,No,Yes,No,python
Yes,No,No,No,14.67,1.0363,No,1.9,No,No,No,Yes,Yes,No,Yes,No,Yes,No,python
Yes,Yes,Yes,Yes,24.94,1.0440,Yes,3.2,No,Yes,Yes,Yes,Yes,Yes,No,No,Yes,No,python
Yes,No,No,Yes,22.96,0.9988,No,7.7,No,No,No,Yes,Yes,Yes,Yes,No,No,No,python
Yes,No,No,No,13.53,1.0666,Yes,7.6,No,Yes,No,No,Yes,No,Yes,Yes,No,No,python
Yes,Yes,Yes,No,23.13,1.0805,No,3.3,No,Yes,No,No,Yes,No,Yes,No,No,No,python
Yes,Yes,Yes,Yes,21.44,0.9546,Yes,7.9,No,No,No,Yes,No,Yes,Yes,No,Yes,No,python
Yes,No,Yes,No,16.82,0.9724,No,1.3,No,Yes,Yes,Yes,Yes,Yes,Yes,No,Yes,No,python
Yes,Yes,Yes,No,20.94,0.8856,No,12.1,No,No,No,Yes,Yes,No,Yes,Yes,Yes,No,python
Yes,No,Yes,No,30.43,0.9809,No,3.4,No,No,No,No,Yes,Yes,No,No,Yes,No,python
Yes,No,Yes,No,24.35,1.0158,No,7.1,No,No,No,No,No,No,Yes,Yes,No,No,python
Yes,Yes,Yes,Yes,25.29,0.9751,Yes,4.3,No,Yes,No,Yes,No,Yes,Yes,No,Yes,No,python
Yes,Yes,Yes,No,15.74,1.0218,No,9.6,No,No,No,No,Yes,Yes,No,No,No,No,python
Yes,Yes,No,Yes,16.63,0.9543,No,9.1,No,Yes,No,Yes,No,Yes,Yes,No,No,No,python
No,No,Yes,Yes,21.49,0.9804,Yes,9.2,No,Yes,Yes,No,No,No,Yes,No,Yes,No,python
Yes,Yes,Yes,No,14.09,1.0390,No,13.4,No,Yes,No,No,No,Yes,Yes,No,Yes,No,python
No,Yes,No,Yes,23.61,0.9644,Yes,11.2,No,No,Yes,Yes,Yes,Yes,Yes,No,Yes,No,python
Yes,Yes,Yes,Yes,16.77,0.9187,No,11.3,Yes,No,No,Yes,No,Yes,Yes,Yes,Yes,No,python
Yes,Yes,Yes,No,12.83,1.0417,Yes,3.0,No,Yes,Yes,Yes,No,Yes,Yes,No,Yes,No,python
Yes,Yes,Yes,No,26.56,0.9553,Yes,5.3,No,No,No,Yes,No,Yes,No,No,Yes,No,python
Yes,No,Yes,Yes,32.16,1.0150,No,1.9,No,Yes,No,Yes,No,Yes,Yes,Yes,Yes,No,python
Yes,No,No,No,24.57,0.9389,Yes,9.7,No,No,No,No,No,Yes,No,Yes,Yes,No,python
Yes,No,No,No,20.12,1.0783,Yes,13.9,No,No,No,No,No,Yes,Yes,No,Yes,No,python
Yes,No,Yes,No,23.56,1.0147,No,12.4,No,Yes,Yes,No,Yes,No,Yes,No,Yes,No,python
No,Yes,No,No,17.09,0.9592,No,4.4,No,No,No,No,Yes,No,Yes,No,No,No,python
Yes,No,Yes,Yes,9.65,1.0506,No,13.2,No,No,Yes,Yes,Yes,No,Yes,Yes,Yes,No,python
Yes,No,Yes,Yes,16.43,1.0929,Yes,6.4,No,No,No,Yes,Yes,Yes,Yes,Yes,Yes,No,python
Yes,No,Yes,Yes,19.56,1.0339,No,0.6,No,No,No,No,Yes,No,Yes,No,Yes,Yes,python
Yes,Yes,Yes,No,19.19,0.9821,No,9.1,No,Yes,Yes,No,Yes,Yes,No,No,Yes,No,python
Yes,No,No,No,11.45,0.9107,Yes,10.0,No,No,No,Yes,Yes,No,Yes,Yes,Yes,No,python
Yes,Yes,Yes,No,26.86,0.9848,No,12.5,No,No,No,No,Yes,No,No,Yes,Yes,No,python
Yes,No,Yes,No,24.75,0.9314,No,5.3,No,No,Yes,No,No,Yes,Yes,Yes,Yes,No,python
Yes,No,Yes,No,15.59,1.0203,No,12.3,Yes,No,No,Yes,Yes,No,No,No,No,No,python
Yes,Yes,Yes,Yes,12.56,0.9956,No,8.5,No,Yes,No,Yes,Yes,No,No,Yes,Yes,No,python
Yes,No,Yes,Yes,18.39,1.0590,No,3.8,No,No,No,No,No,No,Yes,No,Yes,No,python
Yes,No,No,Yes,18.13,0.9880,No,2.3,No,Yes,No,Yes,Yes,Yes,Yes,Yes,No,No,python
Yes,No,No,No,23.83,0.9705,No,9.5,No,Yes,No,Yes,Yes,No,No,No,Yes,No,python
No,No,Yes,No,18.08,1.0266,Yes,2.4,No,No,No,Yes,Yes,No,Yes,No,Yes,No,python
Yes,No,No,No,15.99,0.9719,Yes,12.1,No,No,Yes,Yes,No,Yes,Yes,No,No,No,python
Yes,Yes,Yes,No,19.50,0.9109,No,5.1,No,Yes,No,Yes,No,Yes,Yes,No,Yes,No,python
Yes,No,No,Yes,19.15,1.0200,No,7.7,No,No,No,Yes,No,No,No,Yes,Yes,Yes,python
Yes,No,Yes,Yes,17.79,1.0078,Yes,7.9,Yes,Yes,Yes,No,Yes,No,Yes,Yes,Yes,No,python
Yes,Yes,No,No,18.33,0.9364,No,5.2,No,No,No,No,No,Yes,No,No,No,No,python
Yes,No,Yes,No,18.97,0.9386,Yes,0.7,Yes,No,No,No,Yes,Yes,Yes,No,Yes,No,python
Yes,No,No,Yes,19.88,0.8585,No,11.9,No,Yes,Yes,Yes,No,No,No,No,Yes,No,python
Yes,No,Yes,No,17.74,0.9960,Yes,4.8,No,No,No,Yes,Yes,No,Yes,No,Yes,No,python
Yes,No,No,Yes,16.59,0.9714,No,1.9,No,Yes,No,No,Yes,Yes,No,No,No,No,python
No,No,Yes,No,17.24,0.9783,No,4.3,No,No,No,Yes,Yes,No,Yes,No,Yes,No,python
No,Yes,Yes,Yes,22.88,0.9038,No,2.7,No,Yes,No,No,Yes,Yes,No,No,Yes,No,python
Yes,Yes,Yes,No,25.40,1.0206,Yes,10.4,No,No,No,Yes,Yes,Yes,Yes,No,Yes,No,python
Yes,No,No,No,15.48,0.9414,Yes,6.4,No,No,No,Yes,Yes,Yes,Yes,Yes,Yes,No,python
Yes,Yes,Yes,No,8.58,0.9449,Yes,2.8,No,No,Yes,Yes,Yes,Yes,No,No,No,No,python
Yes,No,Yes,Yes,25.89,1.0228,Yes,5.1,No,Yes,No,Yes,Yes,Yes,Yes,Yes,Yes,No,python
Yes,Yes,Yes,No,23.50,0.9275,No,14.7,No,No,No,No,Yes,No,Yes,No,Yes,No,python
Yes,Yes,Yes,No,21.94,1.0280,No,2.7,No,Yes,No,No,No,No,Yes,No,Yes,No,python
Yes,No,Yes,Yes,26.33,0.9828,No,14.9,No,No,No,No,Yes,No,No,No,Yes,No,python
Yes,Yes,No,Yes,22.62,1.0203,Yes,13.9,No,Yes,No,No,Yes,No,Yes,No,Yes,No,python
Yes,Yes,Yes,Yes,14.34,1.0201,Yes,2.3,No,Yes,No,Yes,No,Yes,Yes,No,Yes,No,python
No,Yes,Yes,Yes,15.66,1.0036,No,1.4,No,Yes,No,No,Yes,Yes,Yes,No,Yes,No,python
Yes,Yes,Yes,No,12.56,0.9874,No,5.6,No,No,No,Yes,Yes,No,Yes,No,Yes,No,python
Yes,No,No,Yes,18.71,1.0790,No,1.1,No,No,No,Yes,Yes,Yes,Yes,No,Yes,No,python
Yes,No,No,No,17.48,1.0194,No,9.0,No,No,No,No,Yes,Yes,Yes,Yes,Yes,No,python
Yes,No,No,No,20.27,0.9284,No,9.4,No,Yes,No,Yes,No,Yes,Yes,Yes,No,No,python
No,Yes,No,No,13.50,0.9724,No,8.4,Yes,No,No,No,No,No,Yes,Yes,Yes,No,python
No,No,Yes,No,21.44,1.0070,No,13.1,No,No,No,Yes,Yes,No,Yes,No,Yes,No,python
Yes,Yes,Yes,Yes,27.47,0.9313,Yes,7.3,No,Yes,Yes,Yes,No,Yes,Yes,No,Yes,No,python
Yes,No,No,No,20.02,0.9017,No,8.9,No,No,No,Yes,No,No,Yes,Yes,Yes,Yes,python
Yes,Yes,Yes,Yes,20.25,0.9759,No,3.2,No,No,No,No,Yes,Yes,Yes,No,Yes,No,python
Yes,No,No,No,20.41,1.0233,Yes,9.7,No,Yes,No,No,Yes,No,No,No,Yes,No,python
Yes,No,No,Yes,14.64,0.9765,Yes,13.5,No,Yes,Yes,No,Yes,No,Yes,No,No,No,python
Yes,Yes,Yes,Yes,16.56,1.0592,Yes,9.6,No,No,No,Yes,Yes,Yes,Yes,No,Yes,No,python
Yes,Yes,Yes,Yes,18.22,1.0843,Yes,12.8,No,Yes,No,No,No,No,Yes,No,Yes,No,python
Yes,No,No,No,21.76,1.0071,No,2.3,No,Yes,No,Yes,No,Yes,No,No,Yes,No,python
Yes,Yes,Yes,No,19.60,0.9199,No,10.4,No,Yes,No,No,Yes,Yes,No,Yes,Yes,No,python
Yes,No,Yes,No,11.80,0.9578,No,7.6,No,No,No,Yes,No,No,No,No,Yes,No,python
Yes,No,Yes,No,18.22,1.0091,No,7.6,Yes,No,No,Yes,Yes,Yes,Yes,Yes,Yes,No,python
No,Yes,No,Yes,17.91,1.0127,No,9.7,No,Yes,No,No,No,Yes,No,No,No,No,python
Yes,No,No,No,12.91,1.0797,No,3.6,No,No,No,No,No,Yes,Yes,No,Yes,Yes,python
Yes,Yes,Yes,No,18.04,1.0589,Yes,2.5,No,Yes,No,Yes,Yes,No,Yes,No,Yes,No,python
Yes,No,Yes,No,16.15,0.9806,No,14.0,No,No,No,Yes,Yes,Yes,Yes,No,Yes,No,python
Yes,Yes,Yes,No,24.33,0.9938,Yes,3.7,No,Yes,No,Yes,Yes,No,Yes,No,Yes,No,python
No,No,Yes,Yes,22.91,1.0059,No,14.0,No,Yes,Yes,Yes,Yes,No,Yes,No,Yes,No,python
Yes,No,Yes,No,18.85,0.9767,Yes,2.1,No,Yes,No,No,No,Yes,Yes,Yes,Yes,No,python
Yes,No,No,No,21.90,0.9969,Yes,14.5,No,No,No,No,No,Yes,No,No,No,No,python
Yes,No,Yes,No,17.51,1.0651,Yes,0.8,Yes,No,No,No,Yes,No,Yes,No,Yes,No,python
Yes,Yes,Yes,No,26.80,1.0176,Yes,10.0,No,Yes,No,Yes,Yes,Yes,Yes,No,Yes,No,python
Yes,Yes,Yes,Yes,24.98,0.9903,No,2.5,No,Yes,No,No,Yes,No,No,No,No,No,python
Yes,No,Yes,No,18.33,1.0439,Yes,6.1,No,No,No,Yes,Yes,Yes,Yes,No,Yes,No,python
No,Yes,No,Yes,13.00,0.9791,Yes,14.2,No,No,No,Yes,Yes,Yes,No,Yes,Yes,No,python
Yes,No,Yes,No,25.33,1.0683,Yes,12.7,No,Yes,No,Yes,Yes,No,Yes,No,Yes,No,python
Yes,Yes,Yes,No,9.03,0.9652,No,0.3,No,Yes,No,No,Yes,No,No,No,Yes,No,python
Yes,Yes,Yes,Yes,22.60,1.0238,No,1.5,No,No,No,No,No,Yes,No,No,No,No,python
Yes,Yes,Yes,No,20.96,0.9697,Yes,11.8,No,Yes,No,Yes,Yes,Yes,Yes,No,Yes,No,python
Yes,No,Yes,Yes,21.14,0.9888,No,2.4,No,Yes,Yes,Yes,Yes,No,Yes,No,Yes,No,python
Yes,Yes,No,Yes,16.34,1.0136,No,13.3,No,Yes,No,Yes,No,Yes,Yes,No,Yes,No,python
Yes,No,Yes,Yes,17.79,0.9583,No,10.7,No,No,No,Yes,Yes,No,No,Yes,Yes,No,python
Yes,Yes,Yes,Yes,24.92,1.0636,No,7.7,No,No,Yes,Yes,Yes,No,No,No,Yes,No,python
Yes,Yes,No,Yes,25.53,1.0180,Yes,9.3,No,Yes,Yes,No,Yes,Yes,Yes,No,No,Yes,python
Yes,Yes,No,Yes,20.72,1.0132,No,12.2,No,No,No,No,Yes,No,No,No,Yes,No,python
Yes,No,No,Yes,14.35,0.9852,No,7.0,No,No,Yes,No,Yes,No,Yes,No,No,No,python
Yes,No,No,No,17.85,0.9753,Yes,12.0,No,Yes,No,Yes,Yes,No,Yes,No,Yes,No,python
Yes,No,Yes,Yes,16.69,1.0956,No,0.5,No,Yes,No,No,Yes,No,Yes,No,Yes,No,python
Yes,No,Yes,Yes,16.03,0.9739,Yes,12.9,No,Yes,Yes,Yes,Yes,No,Yes,No,Yes,No,python
No,Yes,Yes,Yes,16.39,0.9283,No,7.9,No,No,Yes,No,Yes,No,Yes,No,Yes,No,python
Yes,Yes,Yes,No,12.96,0.8868,No,7.4,No,Yes,No,No,No,No,Yes,No,Yes,No,python
Yes,No,Yes,No,17.99,1.0328,No,10.3,No,Yes,No,Yes,Yes,No,No,No,Yes,No,python
Yes,Yes,Yes,No,16.08,1.0390,No,4.0,No,Yes,Yes,Yes,No,No,Yes,No,Yes,No,python
Yes,Yes,Yes,Yes,17.58,0.8919,No,6.1,No,Yes,No,Yes,Yes,Yes,Yes,Yes,Yes,No,python
Yes,Yes,Yes,Yes,15.75,0.9528,Yes,10.2,No,No,Yes,Yes,No,No,Yes,No,Yes,No,python
Yes,Yes,No,Yes,27.84,0.9455,No,9.8,No,No,No,Yes,Yes,Yes,No,No,Yes,No,python
Yes,Yes,No,Yes,18.46,0.9880,Yes,6.7,No,Yes,No,No,Yes,Yes,No,No,No,No,python
No,No,Yes,Yes,23.98,0.9359,No,5.2,No,No,Yes,No,Yes,No,Yes,No,Yes,Yes,python
Yes,Yes,Yes,No,31.14,1.0459,No,4.8,No,Yes,No,Yes,Yes,Yes,Yes,No,No,No,python
No,Yes,Yes,No,23.42,0.9527,Yes,7.1,No,Yes,No,No,Yes,Yes,Yes,No,Yes,No,python
Yes,No,No,Yes,17.84,1.0216,No,8.7,No,No,No,No,No,No,No,No,No,No,python
Yes,No,Yes,No,15.86,0.9991,No,1.1,No,No,No,Yes,Yes,No,No,No,No,No,python
No,Yes,No,Yes,15.71,1.0290,No,3.4,No,Yes,No,Yes,Yes,No,Yes,No,Yes,No,python
Yes,Yes,Yes,No,14.00,1.0272,Yes,14.7,No,Yes,Yes,No,Yes,Yes,No,Yes,Yes,No,python
Yes,Yes,Yes,No,19.55,1.0325,No,5.5,Yes,Yes,No,No,No,No,Yes,No,Yes,No,python
Yes,No,Yes,Yes,17.92,0.8886,No,10.5,Yes,No,No,Yes,Yes,Yes,Yes,No,Yes,No,python
Yes,No,Yes,Yes,26.31,0.9149,No,1.1,No,No,No,Yes,Yes,No,Yes,Yes,Yes,No,python
Yes,No,Yes,No,16.53,0.9866,No,7.1,No,Yes,Yes,No,Yes,Yes,Yes,No,No,No,python
Yes,Yes,No,No,17.04,1.0392,No,8.2,No,No,No,Yes,No,No,No,No,Yes,Yes,python
No,No,Yes,Yes,14.02,0.9902,No,11.8,No,Yes,Yes,Yes,Yes,Yes,Yes,No,No,No,python
Yes,Yes,Yes,Yes,18.84,1.0369,No,11.3,No,Yes,No,Yes,No,No,No,Yes,Yes,No,python
Yes,No,No,Yes,16.18,1.0087,No,8.3,Yes,No,No,No,Yes,No,Yes,No,Yes,No,python
Yes,No,Yes,No,23.04,0.9928,No,6.6,No,No,No,Yes,Yes,Yes,Yes,Yes,Yes,No,python
Yes,Yes,No,Yes,23.23,1.0542,Yes,8.6,No,No,No,Yes,No,Yes,Yes,No,Yes,No,python
Yes,No,Yes,Yes,16.00,0.9039,No,5.8,No,No,Yes,Yes,Yes,Yes,No,Yes,Yes,No,python
Yes,No,No,Yes,18.39,1.0007,No,11.6,No,No,No,Yes,Yes,Yes,No,No,Yes,No,python
Yes,No,Yes,No,11.73,1.0351,No,11.3,No,Yes,No,Yes,Yes,Yes,Yes,Yes,Yes,No,python
Yes,Yes,Yes,No,23.52,0.9499,Yes,0.6,No,No,No,No,No,No,No,No,No,No,python
Yes,No,Yes,No,14.72,0.9535,No,5.2,No,Yes,No,No,Yes,No,Yes,Yes,Yes,No,python
No,Yes,No,No,14.85,0.9776,No,5.2,No,No,No,Yes,No,No,No,No,Yes,No,python
Yes,No,No,No,21.08,1.0069,Yes,13.5,No,No,No,Yes,No,Yes,Yes,No,Yes,No,python
Yes,Yes,Yes,No,20.97,0.9974,No,7.0,No,No,No,Yes,No,No,Yes,No,Yes,No,python
Yes,No,No,No,27.23,0.9989,No,14.6,No,Yes,Yes,Yes,No,Yes,Yes,Yes,Yes,No,python
Yes,No,Yes,Yes,22.47,1.0649,No,11.1,No,No,No,Yes,Yes,No,Yes,No,Yes,No,python
Yes,No,Yes,Yes,18.91,0.9689,No,7.0,No,Yes,No,No,No,Yes,Yes,No,Yes,No,python
Yes,No,Yes,No,21.85,1.0342,No,4.1,No,No,Yes,No,No,No,Yes,No,Yes,No,python
Yes,Yes,Yes,Yes,19.48,0.9493,Yes,2.5,No,No,No,Yes,Yes,Yes,Yes,No,Yes,No,python
Yes,Yes,Yes,Yes,21.23,1.0323,Yes,5.3,No,Yes,No,No,Yes,No,Yes,No,Yes,No,python
Yes,Yes,No,No,10.17,1.0068,Yes,0.0,No,No,No,Yes,Yes,Yes,Yes,No,Yes,No,python
Yes,Yes,Yes,No,20.75,1.0883,No,1.4,No,No,No,Yes,No,Yes,No,No,Yes,No,python
Yes,Yes,Yes,Yes,25.59,0.9960,No,13.1,No,Yes,No,No,Yes,No,Yes,No,Yes,No,python
Yes,Yes,No,No,18.95,1.0123,Yes,0.9,No,No,No,No,Yes,Yes,Yes,No,Yes,No,python
Yes,No,Yes,Yes,22.48,0.9332,No,11.3,No,Yes,No,No,Yes,No,Yes,No,Yes,Yes,python
Yes,Yes,Yes,No,28.33,1.0006,Yes,5.4,Yes,Yes,No,Yes,Yes,Yes,Yes,No,Yes,No,python
Yes,No,Yes,No,23.40,0.9924,No,6.2,No,No,Yes,No,Yes,Yes,Yes,No,No,No,python
Yes,No,No,Yes,16.41,0.9636,No,1.9,No,No,No,No,Yes,No,Yes,No,Yes,No,python
Yes,Yes,Yes,Yes,14.75,1.0060,Yes,3.8,No,Yes,No,Yes,No,Yes,Yes,Yes,Yes,No,python
Yes,No,No,No,15.36,0.9925,Yes,11.7,No,No,No,Yes,Yes,Yes,Yes,Yes,Yes,No,python
Yes,Yes,Yes,Yes,18.94,0.9987,No,8.9,No,No,No,Yes,Yes,Yes,Yes,No,Yes,No,python
Yes,Yes,Yes,Yes,18.50,0.9793,No,6.4,No,Yes,No,No,Yes,No,No,Yes,Yes,No,python
Yes,No,No,No,22.54,0.9471,No,4.8,No,No,No,Yes,No,No,No,No,No,No,python
Yes,No,No,No,15.11,1.0005,No,13.3,No,Yes,No,Yes,No,Yes,Yes,No,Yes,No,python
Yes,Yes,Yes,No,20.38,0.9802,Yes,12.0,Yes,No,No,Yes,Yes,Yes,No,No,No,No,python
Yes,Yes,No,No,17.25,1.0026,No,6.4,No,No,No,Yes,No,No,Yes,No,No,No,python
Yes,Yes,Yes,Yes,22.15,0.9198,No,6.7,No,Yes,No,No,No,No,Yes,No,Yes,No,python
Yes,Yes,Yes,No,21.46,1.0055,No,8.0,No,No,No,Yes,Yes,No,Yes,Yes,Yes,No,python
No,Yes,Yes,Yes,26.36,0.9697,Yes,13.9,No,Yes,No,Yes,Yes,Yes,Yes,No,No,No,python
Yes,No,Yes,No,24.36,1.0488,No,15.0,No,No,No,Yes,No,Yes,Yes,No,Yes,No,python
Yes,No,No,Yes,11.36,0.8881,No,11.9,No,No,No,No,Yes,Yes,Yes,No,No,Yes,python
Yes,Yes,Yes,No,15.27,0.9417,No,7.8,No,No,No,Yes,Yes,Yes,Yes,No,Yes,No,python
Yes,Yes,Yes,No,10.67,0.8771,Yes,10.3,No,No,No,No,Yes,Yes,Yes,No,No,No,python
Yes,No,Yes,Yes,13.86,1.0339,Yes,5.4,No,No,Yes,Yes,Yes,Yes,Yes,Yes,Yes,No,python
Yes,Yes,No,No,16.74,1.0169,No,11.2,No,No,Yes,No,Yes,No,No,No,Yes,No,python
Yes,Yes,No,No,9.18,0.9353,No,14.0,No,No,No,Yes,Yes,No,No,No,Yes,No,python
Yes,Yes,Yes,No,20.09,1.0213,Yes,14.7,No,No,No,Yes,No,No,Yes,No,No,No,python
Yes,Yes,Yes,No,10.02,1.0702,Yes,13.6,No,No,No,Yes,Yes,Yes,Yes,Yes,Yes,No,python
Yes,Yes,No,No,22.27,0.9196,No,14.1,Yes,No,No,Yes,No,Yes,Yes,No,No,No,python
Yes,No,Yes,Yes,26.94,0.9972,No,9.2,No,Yes,Yes,No,No,Yes,No,No,Yes,No,python
Yes,Yes,Yes,No,13.38,0.9907,No,12.0,No,No,Yes,Yes,Yes,No,Yes,No,No,No,python
No,Yes,Yes,Yes,9.91,0.8942,Yes,0.5,No,No,No,Yes,No,Yes,Yes,No,Yes,No,python
Yes,No,Yes,No,23.71,0.9888,No,14.9,No,Yes,No,Yes,Yes,No,Yes,No,No,No,python
Yes,Yes,No,No,23.71,1.0638,No,10.5,No,Yes,No,Yes,Yes,Yes,No,Yes,Yes,Yes,python
Yes,Yes,No,No,19.68,1.0369,No,4.2,Yes,No,Yes,No,No,No,No,Yes,Yes,No,python
Yes,Yes,No,No,14.64,0.9355,No,4.3,No,Yes,No,No,Yes,Yes,Yes,Yes,Yes,No,python
No,Yes,Yes,No,24.77,1.0837,Yes,7.6,No,No,No,No,No,No,Yes,No,Yes,No,python
Yes,No,Yes,Yes,16.65,1.0779,No,14.4,No,Yes,No,No,Yes,Yes,Yes,Yes,Yes,No,python
Yes,No,No,No,24.30,1.0086,Yes,7.7,No,No,No,No,Yes,Yes,Yes,No,No,No,python
No,No,Yes,Yes,24.00,0.9416,No,3.4,Yes,Yes,No,No,Yes,Yes,No,No,No,No,python
Yes,No,No,No,15.54,1.0767,No,5.3,No,No,Yes,Yes,Yes,Yes,No,No,Yes,No,python
No,Yes,No,No,15.75,1.0050,No,2.7,No,Yes,Yes,Yes,Yes,No,Yes,No,No,No,python
No,Yes,Yes,No,12.56,0.9889,Yes,8.6,No,Yes,No,Yes,Yes,No,No,No,Yes,No,python
Yes,Yes,Yes,No,20.85,0.9940,No,10.4,No,No,No,Yes,No,No,Yes,No,No,No,python
No,No,Yes,No,17.60,1.0059,No,8.4,No,No,Yes,Yes,No,Yes,No,No,Yes,No,python
Yes,Yes,No,Yes,27.46,1.0481,Yes,3.4,No,No,No,Yes,Yes,No,No,No,No,No,python
Yes,Yes,Yes,No,33.24,1.0375,No,12.7,No,No,No,Yes,Yes,No,No,No,Yes,No,python
No,No,Yes,Yes,19.42,1.0022,Yes,14.8,Yes,No,No,No,Yes,No,Yes,No,Yes,No,python
No,Yes,Yes,Yes,14.93,1.0267,Yes,10.4,No,No,No,Yes,Yes,No,Yes,No,No,No,python
Yes,Yes,Yes,Yes,14.86,1.0171,No,0.6,No,Yes,No,Yes,Yes,Yes,Yes,No,Yes,No,python
Yes,No,Yes,Yes,15.06,0.9333,Yes,3.0,Yes,Yes,No,Yes,Yes,Yes,Yes,No,Yes,No,python
Yes,Yes,No,No,20.42,1.0290,Yes,8.7,No,Yes,No,Yes,Yes,No,Yes,No,No,No,python
Yes,No,Yes,No,18.18,0.9763,No,11.4,No,Yes,No,No,Yes,Yes,No,No,Yes,No,python
Yes,Yes,No,No,22.66,0.8960,Yes,2.2,No,Yes,No,No,No,Yes,Yes,No,Yes,No,python
Yes,Yes,Yes,Yes,25.14,0.9564,No,5.7,No,Yes,No,No,No,No,Yes,No,Yes,No,python
Yes,No,Yes,No,19.19,0.9751,No,10.0,No,No,No,Yes,Yes,No,No,No,Yes,No,python
Yes,Yes,No,No,23.31,1.0434,No,13.7,No,No,No,Yes,Yes,No,Yes,No,No,No,python
Yes,No,Yes,Yes,28.30,1.0057,Yes,14.5,No,No,No,No,Yes,No,Yes,Yes,Yes,No,python
Yes,Yes,Yes,Yes,25.58,0.9583,No,5.9,No,Yes,No,No,No,Yes,Yes,No,Yes,No,python
No,Yes,Yes,Yes,14.70,0.9741,Yes,14.2,No,No,No,Yes,Yes,Yes,Yes,No,Yes,No,python
Yes,Yes,Yes,No,17.44,0.9684,No,4.4,Yes,No,No,No,Yes,Yes,Yes,No,No,No,python
Yes,No,No,Yes,20.62,1.0008,No,9.5,No,Yes,No,No,No,No,No,No,Yes,No,python
No,No,Yes,No,17.73,1.0182,No,5.6,No,No,Yes,No,Yes,No,Yes,No,Yes,No,python
Yes,Yes,Yes,No,17.57,0.9871,Yes,5.9,No,Yes,No,No,Yes,No,Yes,Yes,Yes,No,python
Yes,No,Yes,Yes,12.57,0.9563,No,2.1,No,No,No,Yes,Yes,Yes,Yes,No,Yes,No,python
Yes,No,No,Yes,17.12,1.0107,No,10.0,No,Yes,No,No,Yes,Yes,No,No,Yes,No,python
Yes,Yes,Yes,Yes,19.87,0.9962,No,0.9,No,No,No,No,Yes,Yes,No,No,Yes,Yes,python
Yes,No,Yes,No,14.45,1.0518,No,6.4,No,Yes,No,No,Yes,Yes,Yes,No,No,No,python
Yes,No,Yes,No,20.61,1.1031,No,6.1,No,No,No,Yes,Yes,Yes,Yes,Yes,Yes,No,python
Yes,Yes,No,No,20.37,0.9997,No,5.7,No,No,No,Yes,Yes,Yes,Yes,No,Yes,No,python
Yes,Yes,Yes,No,13.36,0.9662,Yes,11.1,No,Yes,No,No,Yes,No,Yes,Yes,Yes,No,python
Yes,No,No,Yes,16.64,1.0228,No,4.0,No,Yes,No,No,Yes,No,No,Yes,Yes,No,python
No,No,Yes,Yes,23.09,0.9978,Yes,3.6,No,Yes,Yes,Yes,No,Yes,Yes,No,Yes,No,python
Yes,Yes,No,Yes,22.60,1.0021,Yes,12.1,No,Yes,No,No,No,No,Yes,Yes,No,No,python
Yes,No,Yes,Yes,29.66,0.9603,Yes,9.1,No,No,Yes,Yes,No,No,Yes,No,Yes,No,python
Yes,No,Yes,Yes,26.32,0.9950,Yes,1.7,No,Yes,No,No,Yes,No,Yes,Yes,Yes,No,python
Yes,Yes,Yes,Yes,19.42,0.9582,No,2.2,No,No,No,Yes,No,No,No,Yes,No,No,python
No,Yes,Yes,Yes,20.83,1.0481,No,12.8,No,No,No,No,Yes,Yes,Yes,No,No,No,python
Yes,Yes,Yes,Yes,15.77,0.9801,Yes,1.3,No,No,No,No,Yes,Yes,Yes,No,Yes,No,python
No,Yes,No,No,25.23,1.0134,Yes,1.1,No,No,Yes,No,No,No,Yes,Yes,No,No,python
Yes,No,No,No,23.84,0.9831,Yes,14.9,No,No,Yes,Yes,Yes,No,Yes,Yes,Yes,No,python
Yes,Yes,Yes,Yes,25.64,1.0353,No,5.0,No,No,No,Yes,No,Yes,Yes,Yes,Yes,No,python
Yes,Yes,Yes,No,17.43,1.0372,No,12.8,No,Yes,No,No,Yes,Yes,Yes,No,No,No,python
No,Yes,No,Yes,18.29,1.0415,No,14.6,No,No,No,Yes,Yes,No,Yes,No,No,No,python
No,No,Yes,No,12.40,0.9927,Yes,8.2,No,No,No,Yes,Yes,No,No,No,Yes,No,python
Yes,No,No,Yes,19.93,1.0113,No,10.1,No,No,No,Yes,No,Yes,Yes,Yes,Yes,No,python
Yes,Yes,Yes,Yes,19.71,0.9863,No,14.8,No,No,No,Yes,No,Yes,Yes,No,No,No,python
Yes,No,Yes,No,23.29,1.0054,No,10.9,No,Yes,No,No,Yes,No,No,No,No,No,python
Yes,Yes,Yes,No,14.21,1.1245,No,14.2,Yes,No,No,Yes,Yes,Yes,No,No,No,Yes,python
Yes,No,No,Yes,13.55,1.0106,No,14.3,No,Yes,Yes,No,No,Yes,Yes,No,Yes,No,python
Yes,Yes,No,Yes,25.01,0.9581,Yes,5.5,No,Yes,No,No,No,No,No,No,Yes,No,python
Yes,Yes,Yes,No,13.91,0.9917,No,6.6,No,No,No,Yes,Yes,No,No,Yes,No,No,python
Yes,No,No,No,24.60,0.9546,No,5.7,No,No,No,Yes,Yes,No,Yes,No,Yes,No,python
Yes,Yes,Yes,No,23.61,0.9877,Yes,5.6,No,Yes,No,No,Yes,No,Yes,No,Yes,No,python
Yes,No,Yes,Yes,25.58,0.9712,Yes,0.1,Yes,Yes,No,No,Yes,Yes,Yes,No,Yes,No,python
Yes,No,Yes,No,22.99,0.9307,Yes,4.1,No,No,Yes,Yes,Yes,No,No,No,Yes,No,python
Yes,Yes,No,No,15.55,1.0023,Yes,7.6,No,No,No,Yes,Yes,Yes,Yes,Yes,Yes,No,python
Yes,Yes,Yes,No,21.83,1.0130,No,8.8,No,No,Yes,Yes,Yes,Yes,No,Yes,Yes,No,python
No,Yes,No,No,25.19,1.0470,No,1.8,No,No,No,Yes,Yes,No,No,Yes,Yes,No,python
Yes,No,Yes,No,12.50,1.0216,Yes,10.6,No,No,No,No,No,Yes,Yes,No,Yes,No,python
Yes,Yes,No,No,22.10,0.8928,No,4.0,No,No,No,Yes,Yes,No,Yes,No,Yes,No,python
Yes,No,Yes,No,22.45,1.0292,No,12.0,No,No,Yes,No,No,No,No,No,No,No,python
Yes,Yes,No,No,11.72,1.0020,Yes,3.8,No,Yes,No,No,No,Yes,Yes,Yes,No,No,python
Yes,Yes,Yes,No,15.83,1.0470,No,13.6,No,No,No,Yes,Yes,No,No,No,Yes,No,python
Yes,No,Yes,Yes,12.81,1.0871,No,4.1,No,Yes,No,Yes,No,No,No,No,No,No,python
Yes,Yes,Yes,No,19.31,0.9906,Yes,3.6,No,Yes,No,Yes,Yes,Yes,Yes,No,Yes,No,python
No,Yes,No,No,18.16,0.9361,No,1.7,No,No,Yes,No,No,Yes,No,No,No,No,python
Yes,No,Yes,Yes,22.80,0.9728,No,3.3,No,No,No,No,Yes,No,No,No,Yes,No,python
Yes,No,Yes,No,14.23,1.1161,Yes,3.4,No,No,No,No,No,Yes,Yes,No,Yes,No,python
Yes,Yes,Yes,Yes,15.28,0.9160,Yes,12.8,No,Yes,No,Yes,Yes,Yes,No,No,No,No,python
Yes,No,Yes,Yes,20.84,1.0281,No,13.7,No,No,Yes,Yes,No,Yes,Yes,Yes,No,No,python
Yes,No,No,No,14.63,1.0109,No,11.8,No,No,Yes,Yes,Yes,No,Yes,Yes,Yes,No,python
Yes,No,No,No,26.06,1.0712,Yes,7.2,No,Yes,No,No,No,No,Yes,Yes,Yes,No,python
Yes,Yes,Yes,No,27.44,1.0220,No,5.0,No,Yes,No,Yes,No,Yes,Yes,No,Yes,No,python
Yes,Yes,Yes,No,16.76,1.0411,Yes,10.3,No,No,No,Yes,No,Yes,Yes,No,Yes,No,python
Yes,Yes,Yes,No,16.35,1.0092,No,14.6,No,Yes,No,No,Yes,Yes,Yes,No,Yes,No,python
Yes,No,Yes,No,15.40,1.0594,Yes,12.4,No,No,No,Yes,Yes,No,Yes,No,Yes,No,python
Yes,No,No,No,23.03,0.9306,No,0.8,No,No,No,No,Yes,Yes,No,No,Yes,Yes,python
Yes,Yes,No,No,26.89,1.0072,Yes,9.0,No,Yes,Yes,Yes,No,Yes,Yes,No,Yes,No,python
Yes,No,No,No,15.56,0.9892,No,9.2,No,Yes,No,Yes,No,Yes,No,No,Yes,No,python
Yes,No,Yes,Yes,23.55,0.9583,No,4.4,No,Yes,No,Yes,Yes,No,Yes,Yes,No,No,python
Yes,Yes,Yes,No,21.97,0.9978,No,11.1,No,No,No,No,Yes,No,Yes,No,Yes,No,python
Yes,Yes,Yes,Yes,19.82,0.9799,No,11.7,No,No,No,No,Yes,Yes,Yes,No,Yes,No,python
Yes,Yes,No,Yes,16.06,1.0519,Yes,11.4,No,No,No,No,Yes,No,No,No,Yes,No,python
Yes,No,No,No,16.87,1.0080,Yes,8.5,No,No,No,Yes,Yes,No,Yes,No,Yes,No,python
Yes,Yes,Yes,No,28.70,1.0041,Yes,9.0,No,No,No,No,No,Yes,Yes,No,Yes,No,python
Yes,Yes,Yes,No,23.39,0.9733,No,12.1,No,No,No,Yes,No,No,Yes,No,Yes,No,python
Yes,Yes,No,No,15.07,0.9631,No,7.7,No,No,Yes,No,Yes,No,No,No,Yes,No,python
Yes,Yes,Yes,No,23.14,1.0913,Yes,2.0,No,Yes,No,Yes,Yes,No,No,No,Yes,No,python
Yes,Yes,Yes,Yes,21.48,1.0158,Yes,14.1,No,No,Yes,Yes,Yes,No,No,No,Yes,No,python
Yes,No,Yes,Yes,23.92,0.9729,No,13.5,No,Yes,No,Yes,Yes,Yes,No,No,No,No,python
Yes,No,Yes,No,13.41,1.0119,Yes,6.5,No,No,No,No,Yes,No,Yes,No,No,No,python
Yes,Yes,Yes,Yes,15.55,0.9413,No,9.7,No,Yes,No,No,No,No,Yes,Yes,Yes,No,python
Yes,Yes,Yes,No,19.55,0.9740,No,4.3,No,Yes,No,Yes,Yes,Yes,No,No,Yes,No,python
Yes,Yes,Yes,Yes,27.06,1.0008,Yes,9.7,Yes,No,Yes,Yes,Yes,Yes,Yes,No,Yes,No,python
Yes,No,No,Yes,19.29,0.9732,No,11.1,No,Yes,No,Yes,No,No,Yes,No,Yes,No,python
Yes,No,No,No,10.82,1.0602,No,4.5,No,Yes,No,No,No,Yes,Yes,No,No,No,python
Yes,Yes,No,No,17.80,0.9615,No,5.2,No,No,Yes,Yes,No,Yes,Yes,Yes,Yes,No,python
Yes,No,Yes,No,9.92,0.9637,No,7.5,No,Yes,No,No,Yes,Yes,No,No,Yes,No,python
Yes,No,Yes,No,22.79,1.0438,No,3.7,No,Yes,No,No,Yes,No,No,No,No,No,python
Yes,No,Yes,Yes,17.59,1.1059,Yes,13.2,No,No,No,Yes,Yes,Yes,Yes,No,No,No,python
Yes,No,Yes,No,18.56,1.0334,No,12.5,Yes,Yes,No,Yes,Yes,Yes,Yes,No,Yes,No,python
Yes,Yes,Yes,No,12.82,1.0209,No,7.9,No,Yes,No,Yes,No,Yes,Yes,No,Yes,No,python
Yes,Yes,Yes,No,14.99,1.0390,Yes,5.7,No,Yes,No,Yes,Yes,Yes,Yes,No,Yes,No,python
No,No,No,Yes,14.18,0.9431,Yes,5.0,No,Yes,No,Yes,Yes,Yes,Yes,Yes,Yes,No,python
Yes,No,Yes,No,21.35,0.9209,No,4.1,No,No,No,Yes,No,Yes,Yes,No,No,No,python
Yes,Yes,No,No,22.92,0.9554,No,7.4,No,Yes,No,Yes,Yes,No,No,No,No,No,python
Yes,No,No,Yes,11.03,0.9760,No,10.0,No,Yes,No,Yes,Yes,Yes,No,No,Yes,Yes,python
Yes,No,Yes,Yes,29.53,1.0151,Yes,3.1,No,Yes,No,Yes,Yes,Yes,Yes,No,Yes,No,python
Yes,Yes,No,No,20.03,1.0024,Yes,5.9,No,Yes,No,Yes,Yes,No,No,Yes,Yes,No,python
Yes,Yes,No,No,28.10,1.0806,Yes,10.9,Yes,Yes,Yes,No,Yes,Yes,No,No,Yes,No,python
Yes,Yes,No,No,27.05,1.0143,Yes,9.6,No,Yes,Yes,Yes,No,Yes,Yes,No,No,No,python
Yes,Yes,No,No,22.40,0.9670,No,2.5,No,No,No,No,Yes,No,Yes,No,Yes,No,python
Yes,Yes,No,Yes,17.36,1.0270,Yes,12.4,Yes,Yes,No,No,No,No,No,No,Yes,No,python
Yes,No,No,Yes,29.43,1.0851,Yes,14.1,No,Yes,No,No,No,No,Yes,Yes,Yes,No,python
Yes,No,Yes,Yes,24.56,1.0046,No,11.2,No,No,Yes,No,Yes,No,Yes,No,Yes,No,python
Yes,No,Yes,No,15.48,0.9824,Yes,11.4,Yes,No,No,No,No,No,Yes,Yes,Yes,No,python
Yes,Yes,No,Yes,13.55,0.9822,No,10.1,No,Yes,No,Yes,No,Yes,No,No,Yes,No,python
Yes,Yes,Yes,No,20.77,0.9962,Yes,3.5,Yes,No,No,Yes,Yes,No,Yes,No,Yes,No,python
No,No,Yes,No,19.90,0.9541,No,0.3,No,Yes,No,No,No,No,Yes,No,No,No,python
Yes,No,Yes,No,28.54,0.9537,No,14.6,No,No,No,No,Yes,Yes,Yes,Yes,Yes,No,python
Yes,No,Yes,Yes,28.31,1.0636,Yes,0.9,Yes,Yes,No,No,No,No,No,No,Yes,No,python
Yes,No,Yes,No,18.94,0.9812,Yes,4.4,No,No,No,No,No,Yes,Yes,No,Yes,No,python
Yes,No,Yes,No,31.06,0.9417,No,0.6,No,No,No,No,No,Yes,Yes,No,No,No,python
No,Yes,Yes,No,17.13,0.9428,No,5.9,No,No,No,Yes,Yes,Yes,Yes,No,No,No,python
Yes,Yes,Yes,Yes,19.79,0.9896,No,4.8,No,Yes,Yes,No,Yes,No,Yes,No,Yes,No,python
Yes,Yes,No,Yes,16.79,1.0055,Yes,8.4,No,No,No,No,Yes,No,Yes,No,Yes,No,python
Yes,No,No,Yes,30.37,0.9807,No,7.4,No,Yes,No,Yes,Yes,Yes,Yes,No,Yes,No,python
No,No,Yes,No,21.71,1.0210,No,9.4,No,Yes,No,Yes,Yes,Yes,Yes,No,No,No,python
Yes,No,Yes,Yes,15.97,0.9265,No,9.8,No,Yes,No,No,Yes,No,No,No,Yes,No,python
Yes,No,Yes,Yes,21.21,1.0746,Yes,7.9,Yes,No,No,No,Yes,No,No,Yes,Yes,No,python
Yes,No,Yes,Yes,18.29,0.9696,No,12.1,Yes,No,No,Yes,Yes,Yes,No,No,Yes,No,python
Yes,No,No,Yes,14.83,1.0293,Yes,6.7,No,Yes,Yes,Yes,Yes,No,No,No,Yes,No,python
Yes,Yes,No,Yes,29.57,0.9818,Yes,2.0,No,No,No,Yes,Yes,Yes,No,No,Yes,No,python
Yes,No,No,Yes,29.77,0.9787,Yes,6.0,No,No,No,Yes,Yes,Yes,Yes,No,No,No,python
Yes,Yes,Yes,No,19.34,1.0700,Yes,0.7,No,No,Yes,Yes,Yes,No,No,No,Yes,Yes,python
Yes,Yes,No,No,23.94,1.0162,No,1.2,No,Yes,No,No,No,Yes,Yes,Yes,No,No,python
Yes,Yes,Yes,No,19.82,1.0262,Yes,8.3,Yes,No,Yes,Yes,Yes,Yes,Yes,No,No,No,python
Yes,Yes,Yes,No,18.68,1.0353,Yes,4.6,No,No,Yes,Yes,No,No,Yes,No,No,No,python
